{
    "Modules": {
        "...MASTER...": {
            "nQuads": 0,
            "start_perf": [
                0.088131904602050781,
                0.041946999999999998,
                0.018275,
                229056,
                241328,
                1679945680.5006959,
                2256176958676795
            ],
            "child_modules": {
                "std": 1,
                "tb": 1
            },
            "nRouts": 5,
            "end_perf": [
                0.092139005661010742,
                0.043098999999999998,
                0.019043999999999998,
                230524,
                241328,
                2256176975532183,
                0,
                0
            ],
            "nMops": 0
        },
        "std": {
            "start_perf": [
                0.092203855514526367,
                0.043145000000000003,
                0.019064000000000001,
                230524,
                241328,
                1679945680.5047679,
                2256176975781297
            ],
            "nQuads": 213,
            "child_modules": {},
            "Compiled": "Yes",
            "Compiled Times": 45,
            "end_perf": [
                0.09407806396484375,
                0.044056999999999999,
                0.020025000000000001,
                230680,
                241328,
                2256176983667966,
                8589934594,
                0
            ],
            "svclass": [
                "$vcs_nba_dyn_obj",
                0,
                37,
                2,
                2,
                0,
                "sigprop$$",
                0,
                37,
                2,
                2,
                0,
                "process",
                0,
                184,
                8,
                8,
                0,
                "event",
                0,
                36,
                2,
                2,
                0,
                "mailbox",
                0,
                99,
                9,
                9,
                0,
                "semaphore",
                0,
                69,
                5,
                5,
                0
            ],
            "nMops": 462,
            "nRouts": 33
        },
        "tb": {
            "nQuads": 310,
            "start_perf": [
                0.094112873077392578,
                0.044081000000000002,
                0.020036000000000002,
                230680,
                241328,
                1679945680.5066769,
                2256176983794024
            ],
            "Compiled": "Yes",
            "child_modules": {},
            "Compiled Times": 45,
            "nRouts": 42,
            "end_perf": [
                0.096009016036987305,
                0.045976000000000003,
                0.020036000000000002,
                230848,
                241328,
                2256176991775002,
                12884901889,
                0
            ],
            "nMops": 642
        }
    },
    "CompUnits": {},
    "reusePaths": {
        "amcQw_d": {
            "icPath": "csrc"
        },
        "reYIK_d": {
            "icPath": "csrc"
        },
        "g7hgQ_d": {
            "icPath": "csrc"
        }
    },
    "ObjArchives": [
        {
            "archive": "archive.44/_27193_archive_1.a",
            "objects": [
                [
                    "amcQwB.o",
                    66896
                ]
            ],
            "size": 66896
        }
    ],
    "stat": {
        "peak_mem_kb": 241328,
        "ru_self_end": {
            "ru_stime_sec": 0.021132000000000001,
            "ru_utime_sec": 0.047295999999999998,
            "ru_maxrss_kb": 68804,
            "ru_minflt": 27131,
            "ru_majflt": 0,
            "ru_nivcsw": 2,
            "ru_nvcsw": 37
        },
        "ru_childs_end": {
            "ru_stime_sec": 0.0078549999999999991,
            "ru_utime_sec": 0.012598,
            "ru_maxrss_kb": 16988,
            "ru_minflt": 6934,
            "ru_majflt": 0,
            "ru_nivcsw": 8,
            "ru_nvcsw": 18
        },
        "cpu_cycles_end": 2256177001836224
    }
}