{
    "CompUnits": {},
    "Modules": {
        "...MASTER...": {
            "child_modules": {
                "std": 1,
                "tb": 1
            },
            "start_perf": [
                0.083201169967651367,
                0.034118999999999997,
                0.02632,
                229052,
                241328,
                1680661053.0329001,
                5260772838730624
            ],
            "end_perf": [
                0.087344169616699219,
                0.035111000000000003,
                0.027307999999999999,
                230524,
                241328,
                5260772856153327,
                0,
                0
            ],
            "nQuads": 0,
            "nMops": 0,
            "nRouts": 5
        },
        "std": {
            "start_perf": [
                0.08740997314453125,
                0.035147999999999999,
                0.027338000000000001,
                230524,
                241328,
                1680661053.0371089,
                5260772856409673
            ],
            "child_modules": {},
            "Compiled": "Yes",
            "nMops": 462,
            "Compiled Times": 47,
            "end_perf": [
                0.089303970336914062,
                0.036090999999999998,
                0.028288000000000001,
                230680,
                241328,
                5260772864383585,
                8589934594,
                0
            ],
            "svclass": [
                "$vcs_nba_dyn_obj",
                0,
                37,
                2,
                2,
                0,
                "sigprop$$",
                0,
                37,
                2,
                2,
                0,
                "process",
                0,
                184,
                8,
                8,
                0,
                "event",
                0,
                36,
                2,
                2,
                0,
                "mailbox",
                0,
                99,
                9,
                9,
                0,
                "semaphore",
                0,
                69,
                5,
                5,
                0
            ],
            "nQuads": 213,
            "nRouts": 33
        },
        "tb": {
            "child_modules": {},
            "start_perf": [
                0.089339971542358398,
                0.036111999999999998,
                0.028303999999999999,
                230680,
                241328,
                1680661053.0390389,
                5260772864513016
            ],
            "nMops": 642,
            "Compiled": "Yes",
            "Compiled Times": 47,
            "end_perf": [
                0.09130096435546875,
                0.038068999999999999,
                0.028306999999999999,
                230848,
                241328,
                5260772872776186,
                12884901889,
                0
            ],
            "nQuads": 310,
            "nRouts": 42
        }
    },
    "stat": {
        "peak_mem_kb": 241328,
        "ru_self_end": {
            "ru_utime_sec": 0.040257000000000001,
            "ru_stime_sec": 0.028475,
            "ru_nivcsw": 2,
            "ru_maxrss_kb": 68796,
            "ru_minflt": 27128,
            "ru_nvcsw": 34,
            "ru_majflt": 0
        },
        "ru_childs_end": {
            "ru_utime_sec": 0.0080230000000000006,
            "ru_stime_sec": 0.012673,
            "ru_nivcsw": 8,
            "ru_maxrss_kb": 16984,
            "ru_minflt": 6934,
            "ru_nvcsw": 18,
            "ru_majflt": 0
        },
        "cpu_cycles_end": 5260772882578580
    },
    "reusePaths": {
        "amcQw_d": {
            "icPath": "csrc"
        },
        "reYIK_d": {
            "icPath": "csrc"
        },
        "g7hgQ_d": {
            "icPath": "csrc"
        }
    },
    "ObjArchives": [
        {
            "objects": [
                [
                    "amcQwB.o",
                    66896
                ]
            ],
            "archive": "archive.46/_10033_archive_1.a",
            "size": 66896
        }
    ]
}