{
    "Modules": {
        "tb": {
            "start_perf": [
                0.47837114334106445,
                0.044014999999999999,
                0.021517999999999999,
                230684,
                241328,
                1679289421.5519581,
                11759445236386669
            ],
            "child_modules": {},
            "nRouts": 42,
            "Compiled": "Yes",
            "significant_routs": [
                [
                    5,
                    "R_VCSgd_g7hgQ_5",
                    288734868,
                    654,
                    110
                ]
            ],
            "Compiled Times": 44,
            "nMops": 642,
            "end_perf": [
                0.62037801742553711,
                0.049369999999999997,
                0.021722000000000002,
                233588,
                241328,
                11759445832865825,
                12884901889,
                0
            ],
            "nQuads": 310
        },
        "...MASTER...": {
            "start_perf": [
                0.47168207168579102,
                0.042312000000000002,
                0.019231999999999999,
                229056,
                241328,
                1679289421.545269,
                11759445208296970
            ],
            "child_modules": {
                "std": 1,
                "tb": 1
            },
            "nQuads": 0,
            "end_perf": [
                0.47640514373779297,
                0.043029999999999999,
                0.020537,
                230528,
                241328,
                11759445228164206,
                0,
                0
            ],
            "nMops": 0,
            "nRouts": 5
        },
        "std": {
            "start_perf": [
                0.47647213935852051,
                0.043076000000000003,
                0.020559000000000001,
                230528,
                241328,
                1679289421.5500591,
                11759445228415634
            ],
            "child_modules": {},
            "nRouts": 33,
            "Compiled": "Yes",
            "svclass": [
                "$vcs_nba_dyn_obj",
                0,
                37,
                2,
                2,
                0,
                "sigprop$$",
                0,
                37,
                2,
                2,
                0,
                "process",
                0,
                184,
                8,
                8,
                0,
                "event",
                0,
                36,
                2,
                2,
                0,
                "mailbox",
                0,
                99,
                9,
                9,
                0,
                "semaphore",
                0,
                69,
                5,
                5,
                0
            ],
            "Compiled Times": 44,
            "nMops": 462,
            "end_perf": [
                0.47833609580993652,
                0.043991000000000002,
                0.021506999999999998,
                230684,
                241328,
                11759445236258350,
                8589934594,
                0
            ],
            "nQuads": 213
        }
    },
    "CompUnits": {
        "g7hgQ_d": {
            "checksum": 0,
            "mod": "tb",
            "mode": 4,
            "out": "g7hgQ_d.o",
            "text": 5544,
            "bytes": 21618,
            "archive": "archive.43/_8396_archive_1.a"
        }
    },
    "reusePaths": {
        "amcQw_d": {
            "icPath": "csrc"
        },
        "reYIK_d": {
            "icPath": "csrc"
        }
    },
    "ObjArchives": [
        {
            "size": 88594,
            "archive": "archive.43/_8396_archive_1.a",
            "objects": [
                [
                    "g7hgQ_d.o",
                    21618
                ],
                [
                    "amcQwB.o",
                    66976
                ]
            ]
        }
    ],
    "stat": {
        "ru_self_end": {
            "ru_nvcsw": 84,
            "ru_utime_sec": 0.051025000000000001,
            "ru_nivcsw": 2,
            "ru_stime_sec": 0.022436000000000001,
            "ru_minflt": 27273,
            "ru_maxrss_kb": 69332,
            "ru_majflt": 28
        },
        "cpu_cycles_end": 11759445850957166,
        "ru_childs_end": {
            "ru_nvcsw": 18,
            "ru_utime_sec": 0.0098119999999999995,
            "ru_nivcsw": 8,
            "ru_stime_sec": 0.011889,
            "ru_minflt": 6933,
            "ru_maxrss_kb": 16988,
            "ru_majflt": 0
        },
        "peak_mem_kb": 241328
    }
}