{
    "stat": {
        "ru_self_cgstart": {
            "ru_utime_sec": 0.070005999999999999,
            "ru_stime_sec": 0.020705999999999999,
            "ru_nvcsw": 36,
            "ru_maxrss_kb": 73612,
            "ru_minflt": 23905,
            "ru_majflt": 0,
            "ru_nivcsw": 6
        },
        "CodeGen(%)": 43.112066528808832,
        "cpu_cycles_total": 690845696,
        "nMops": 10411,
        "ru_childs_cgstart": {
            "ru_utime_sec": 0.0064729999999999996,
            "ru_stime_sec": 0.013906,
            "ru_nvcsw": 17,
            "ru_maxrss_kb": 24372,
            "ru_minflt": 6341,
            "ru_majflt": 0,
            "ru_nivcsw": 6
        },
        "cpu_cycles_end": 92895453392828631,
        "cpu_cycles_cgstart": 92895453132154150,
        "nQuads": 4205,
        "totalObjSize": 306534,
        "outputSizePerQuad": 72.897502972651608,
        "ru_self_end": {
            "ru_utime_sec": 0.127965,
            "ru_stime_sec": 0.024799000000000002,
            "ru_nvcsw": 36,
            "ru_maxrss_kb": 85564,
            "ru_minflt": 27366,
            "ru_majflt": 0,
            "ru_nivcsw": 9
        },
        "ru_childs_end": {
            "ru_utime_sec": 0.0064729999999999996,
            "ru_stime_sec": 0.013906,
            "ru_nvcsw": 17,
            "ru_maxrss_kb": 24372,
            "ru_minflt": 6341,
            "ru_majflt": 0,
            "ru_nivcsw": 6
        },
        "mopSpeed": 179626.97769112646,
        "Frontend(%)": 56.887933471191175,
        "quadSpeed": 72551.286254076142,
        "mop/quad": 2.4758620689655171,
        "peak_mem_kb": 242256,
        "realTime": 0.17719006538391113
    },
    "cycles_program_begin": 92895452701982935,
    "CompileProcesses": [
        "cgproc.29244.json"
    ],
    "LVLData": [
        "SIM"
    ],
    "cpu_cycles_pass2_start": 92895453132081945,
    "PrevCompiledModules": {},
    "PEModules": [],
    "perf": [
        [
            0.048460960388183594,
            0.032320000000000002,
            0.013710999999999999,
            226408,
            227076,
            1670338429.576932,
            92895452852419579,
            "doParsingAndDesignResolution",
            "entry"
        ],
        [
            0.060498952865600586,
            0.040381,
            0.015786999999999999,
            227700,
            228348,
            1670338429.5889699,
            92895452902960074,
            "doParsingAndDesignResolution",
            "exit"
        ],
        [
            0.060544013977050781,
            0.040425999999999997,
            0.015786999999999999,
            227700,
            228348,
            1670338429.589015,
            92895452903100373,
            "doPostDesignResolutionToVir2Vcs",
            "entry"
        ],
        [
            0.066996097564697266,
            0.045843000000000002,
            0.016819000000000001,
            228688,
            228692,
            1670338429.5954671,
            92895452930228994,
            "doUptoVir2VcsNoSepCleanup",
            "entry"
        ],
        [
            0.090300083160400391,
            0.068177000000000001,
            0.017784999999999999,
            229912,
            242256,
            1670338429.6187711,
            92895453028135669,
            "doUptoVir2VcsNoSepCleanup",
            "exit"
        ],
        [
            0.090358972549438477,
            0.068224000000000007,
            0.017797,
            229912,
            242256,
            1670338429.61883,
            92895453028326535,
            "doRadify_vir2vcsAll",
            "entry"
        ],
        [
            0.093490123748779297,
            0.069339999999999999,
            0.019810999999999999,
            231264,
            242256,
            1670338429.6219611,
            92895453041529006,
            "doRadify_vir2vcsAll",
            "exit"
        ],
        [
            0.093526124954223633,
            0.069369,
            0.019819,
            231264,
            242256,
            1670338429.6219971,
            92895453041621300,
            "doPostDesignResolutionToVir2Vcs",
            "exit"
        ],
        [
            0.093545913696289062,
            0.069384000000000001,
            0.019824000000000001,
            231264,
            242256,
            1670338429.6220169,
            92895453041699764,
            "doGAToPass2",
            "entry"
        ],
        [
            0.11504292488098145,
            0.069964999999999999,
            0.020694000000000001,
            229708,
            242256,
            1670338429.6435139,
            92895453132054541,
            "DoPass2",
            "entry"
        ],
        [
            0.17554998397827148,
            0.12728700000000001,
            0.023865999999999998,
            240980,
            242256,
            1670338429.704021,
            92895453386155985,
            "DoPass2",
            "exit"
        ]
    ],
    "MlibObjs": {},
    "NameTable": {
        "...MASTER...": [
            "SIM",
            "amcQw",
            "module",
            4
        ],
        "i2c_master_top": [
            "i2c_master_top",
            "Kr4JE",
            "module",
            3
        ],
        "tst_bench_top": [
            "tst_bench_top",
            "sf4HQ",
            "module",
            2
        ],
        "std": [
            "std",
            "reYIK",
            "module",
            1
        ]
    },
    "CompileStrategy": "fullobj",
    "CurCompileUdps": {},
    "SIMBData": {
        "text": 0,
        "out": "amcQwB.o",
        "bytes": 76418,
        "archive": "archive.2/_29244_archive_1.a"
    },
    "incremental": "on",
    "CurCompileModules": [
        "...MASTER...",
        "...MASTER...",
        "std",
        "std",
        "tst_bench_top",
        "tst_bench_top",
        "i2c_master_top",
        "i2c_master_top"
    ],
    "Misc": {
        "vcs_version": "N-2017.12-SP2-1_Full64",
        "csrc": "csrc",
        "vcs_build_date": "Build Date = Jul 14 2018 20:29:59",
        "VCS_HOME": "/usr/caen/vcs-2017.12-SP2-1",
        "master_pid": 29244,
        "cwd": "/home/jvelten/projects/verilog_repair/benchmarks/opencores/i2c",
        "csrc_abs": "/home/jvelten/projects/verilog_repair/benchmarks/opencores/i2c/csrc",
        "daidir_abs": "/home/jvelten/projects/verilog_repair/benchmarks/opencores/i2c/simv.daidir",
        "daidir": "/home/jvelten/projects/verilog_repair/benchmarks/opencores/i2c/simv.daidir",
        "default_output_dir": "csrc",
        "archive_dir": "archive.2"
    },
    "rlimit": {
        "stack": -1,
        "data": -1
    },
    "CompileStatus": "Successful"
}