{
    "Modules": {
        "...MASTER...": {
            "start_perf": [
                1.6309630870819092,
                0.083343,
                0.020327000000000001,
                229760,
                242312,
                1670886343.7422271,
                95196716447484212
            ],
            "nMops": 0,
            "child_modules": {
                "tst_bench_top": 1,
                "std": 1
            },
            "end_perf": [
                1.6356959342956543,
                0.085033999999999998,
                0.021257999999999999,
                231240,
                242312,
                95196716467401347,
                0,
                0
            ],
            "nQuads": 0,
            "nRouts": 5
        },
        "std": {
            "start_perf": [
                1.6358010768890381,
                0.085117999999999999,
                0.021278999999999999,
                231240,
                242312,
                1670886343.7470651,
                95196716467819450
            ],
            "Compiled": "Yes",
            "nMops": 462,
            "child_modules": {},
            "svclass": [
                "$vcs_nba_dyn_obj",
                0,
                37,
                2,
                2,
                0,
                "sigprop$$",
                0,
                37,
                2,
                2,
                0,
                "process",
                0,
                184,
                8,
                8,
                0,
                "event",
                0,
                36,
                2,
                2,
                0,
                "mailbox",
                0,
                99,
                9,
                9,
                0,
                "semaphore",
                0,
                69,
                5,
                5,
                0
            ],
            "end_perf": [
                1.6386969089508057,
                0.085117999999999999,
                0.024174999999999999,
                231244,
                242312,
                95196716480000753,
                8589934594,
                0
            ],
            "Compiled Times": 2,
            "nQuads": 213,
            "nRouts": 33
        },
        "tst_bench_top": {
            "start_perf": [
                1.6387491226196289,
                0.085117999999999999,
                0.024226999999999999,
                231244,
                242312,
                1670886343.7500131,
                95196716480179094
            ],
            "nMops": 4289,
            "Compiled": "Yes",
            "child_modules": {
                "i2c_master_top": 2
            },
            "end_perf": [
                1.8217430114746094,
                0.10774499999999999,
                0.024525999999999999,
                234004,
                242312,
                95196717248805733,
                12884901889,
                0
            ],
            "Compiled Times": 2,
            "nQuads": 1849,
            "nRouts": 231
        },
        "i2c_master_top": {
            "start_perf": [
                1.8217921257019043,
                0.107794,
                0.024525999999999999,
                234004,
                242312,
                1670886343.9330561,
                95196717248968762
            ],
            "nMops": 5660,
            "Compiled": "Yes",
            "child_modules": {},
            "end_perf": [
                1.8346750736236572,
                0.11981799999999999,
                0.025385000000000001,
                234548,
                242312,
                95196717303142016,
                21474836481,
                0
            ],
            "Compiled Times": 2,
            "nQuads": 2143,
            "nRouts": 203
        }
    },
    "CompUnits": {},
    "reusePaths": {
        "sf4HQ_d": {
            "icPath": "csrc"
        },
        "reYIK_d": {
            "icPath": "csrc"
        },
        "amcQw_d": {
            "icPath": "csrc"
        },
        "Kr4JE_d": {
            "icPath": "csrc"
        }
    },
    "ObjArchives": [
        {
            "archive": "archive.4/_26016_archive_1.a",
            "size": 75462,
            "objects": [
                [
                    "amcQwB.o",
                    75462
                ]
            ]
        }
    ],
    "stat": {
        "ru_self_end": {
            "ru_utime_sec": 0.12266299999999999,
            "ru_nivcsw": 4,
            "ru_stime_sec": 0.026577,
            "ru_majflt": 60,
            "ru_minflt": 29172,
            "ru_maxrss_kb": 76144,
            "ru_nvcsw": 116
        },
        "ru_childs_end": {
            "ru_utime_sec": 0.0088940000000000009,
            "ru_nivcsw": 8,
            "ru_stime_sec": 0.012562,
            "ru_majflt": 0,
            "ru_minflt": 6929,
            "ru_maxrss_kb": 18124,
            "ru_nvcsw": 18
        },
        "cpu_cycles_end": 95196717320622134,
        "peak_mem_kb": 242312
    }
}