{
    "Modules": {
        "...MASTER...": {
            "nRouts": 5,
            "nMops": 0,
            "start_perf": [
                0.085778951644897461,
                0.040350999999999998,
                0.020067000000000002,
                229064,
                241332,
                1680662478.6849,
                5266760638251378
            ],
            "child_modules": {
                "std": 1,
                "tb": 1
            },
            "nQuads": 0,
            "end_perf": [
                0.089843988418579102,
                0.040931000000000002,
                0.021440000000000001,
                230552,
                241332,
                5266760655345854,
                0,
                0
            ]
        },
        "std": {
            "start_perf": [
                0.089909791946411133,
                0.040974999999999998,
                0.021462999999999999,
                230552,
                241332,
                1680662478.6890309,
                5266760655597637
            ],
            "nMops": 462,
            "child_modules": {},
            "Compiled": "Yes",
            "Compiled Times": 6,
            "end_perf": [
                0.091771841049194336,
                0.042837,
                0.021462999999999999,
                230708,
                241332,
                5266760663437138,
                8589934594,
                0
            ],
            "nQuads": 213,
            "svclass": [
                "$vcs_nba_dyn_obj",
                0,
                37,
                2,
                2,
                0,
                "sigprop$$",
                0,
                37,
                2,
                2,
                0,
                "process",
                0,
                184,
                8,
                8,
                0,
                "event",
                0,
                36,
                2,
                2,
                0,
                "mailbox",
                0,
                99,
                9,
                9,
                0,
                "semaphore",
                0,
                69,
                5,
                5,
                0
            ],
            "nRouts": 33
        },
        "tb": {
            "nRouts": 35,
            "nMops": 443,
            "start_perf": [
                0.091806888580322266,
                0.042872,
                0.021462999999999999,
                230708,
                241332,
                1680662478.690928,
                5266760663562881
            ],
            "child_modules": {},
            "Compiled Times": 6,
            "Compiled": "Yes",
            "nQuads": 251,
            "end_perf": [
                0.10033798217773438,
                0.051202999999999999,
                0.021662000000000001,
                233052,
                241332,
                5266760699424488,
                12884901889,
                0
            ]
        }
    },
    "CompUnits": {},
    "ObjArchives": [
        {
            "archive": "archive.5/_18477_archive_1.a",
            "objects": [
                [
                    "amcQwB.o",
                    66684
                ]
            ],
            "size": 66684
        }
    ],
    "reusePaths": {
        "g7hgQ_d": {
            "icPath": "csrc"
        },
        "amcQw_d": {
            "icPath": "csrc"
        },
        "reYIK_d": {
            "icPath": "csrc"
        }
    },
    "stat": {
        "ru_childs_end": {
            "ru_nivcsw": 8,
            "ru_maxrss_kb": 17100,
            "ru_utime_sec": 0.012583,
            "ru_stime_sec": 0.0080529999999999994,
            "ru_minflt": 6934,
            "ru_nvcsw": 18,
            "ru_majflt": 0
        },
        "ru_self_end": {
            "ru_nivcsw": 2,
            "ru_maxrss_kb": 71864,
            "ru_utime_sec": 0.052731,
            "ru_stime_sec": 0.022459,
            "ru_minflt": 27887,
            "ru_nvcsw": 38,
            "ru_majflt": 1
        },
        "cpu_cycles_end": 5266760709093685,
        "peak_mem_kb": 241332
    }
}