{
    "ObjArchives": [
        {
            "size": 87160,
            "archive": "archive.4/_20131_archive_1.a",
            "objects": [
                [
                    "g7hgQ_d.o",
                    20396
                ],
                [
                    "amcQwB.o",
                    66764
                ]
            ]
        }
    ],
    "Modules": {
        "...MASTER...": {
            "start_perf": [
                0.35627889633178711,
                0.042960999999999999,
                0.020406000000000001,
                229068,
                241332,
                1672848866.1220739,
                103439398449929037
            ],
            "child_modules": {
                "std": 1,
                "tb": 1
            },
            "nMops": 0,
            "end_perf": [
                0.36073803901672363,
                0.043986999999999998,
                0.021457,
                230556,
                241332,
                103439398468679092,
                0,
                0
            ],
            "nQuads": 0,
            "nRouts": 5
        },
        "std": {
            "start_perf": [
                0.3608090877532959,
                0.044034999999999998,
                0.021479999999999999,
                230556,
                241332,
                1672848866.1266041,
                103439398468954377
            ],
            "Compiled": "Yes",
            "child_modules": {},
            "Compiled Times": 5,
            "nMops": 462,
            "end_perf": [
                0.36281299591064453,
                0.046038999999999997,
                0.021479999999999999,
                230712,
                241332,
                103439398477392766,
                8589934594,
                0
            ],
            "nQuads": 213,
            "svclass": [
                "$vcs_nba_dyn_obj",
                0,
                37,
                2,
                2,
                0,
                "sigprop$$",
                0,
                37,
                2,
                2,
                0,
                "process",
                0,
                184,
                8,
                8,
                0,
                "event",
                0,
                36,
                2,
                2,
                0,
                "mailbox",
                0,
                99,
                9,
                9,
                0,
                "semaphore",
                0,
                69,
                5,
                5,
                0
            ],
            "nRouts": 33
        },
        "tb": {
            "start_perf": [
                0.36284899711608887,
                0.046075999999999999,
                0.021479999999999999,
                230712,
                241332,
                1672848866.128644,
                103439398477522468
            ],
            "Compiled": "Yes",
            "child_modules": {},
            "Compiled Times": 5,
            "nMops": 443,
            "end_perf": [
                0.39752101898193359,
                0.058013000000000002,
                0.021486000000000002,
                235896,
                241332,
                103439398623190016,
                12884901889,
                0
            ],
            "nQuads": 251,
            "nRouts": 35
        }
    },
    "CompUnits": {
        "g7hgQ_d": {
            "mod": "tb",
            "out": "g7hgQ_d.o",
            "bytes": 20396,
            "mode": 4,
            "text": 4391,
            "checksum": 0,
            "archive": "archive.4/_20131_archive_1.a"
        }
    },
    "stat": {
        "ru_self_end": {
            "ru_nivcsw": 3,
            "ru_nvcsw": 79,
            "ru_utime_sec": 0.058473999999999998,
            "ru_majflt": 30,
            "ru_stime_sec": 0.023389,
            "ru_maxrss_kb": 72560,
            "ru_minflt": 28054
        },
        "peak_mem_kb": 241332,
        "cpu_cycles_end": 103439398633441069,
        "ru_childs_end": {
            "ru_nivcsw": 8,
            "ru_nvcsw": 18,
            "ru_utime_sec": 0.0097370000000000009,
            "ru_majflt": 0,
            "ru_stime_sec": 0.01142,
            "ru_maxrss_kb": 17104,
            "ru_minflt": 6932
        }
    },
    "reusePaths": {
        "amcQw_d": {
            "icPath": "csrc"
        },
        "reYIK_d": {
            "icPath": "csrc"
        }
    }
}