{
    "NameTable": {
        "...MASTER...": [
            "SIM",
            "amcQw",
            "module",
            3
        ],
        "std": [
            "std",
            "reYIK",
            "module",
            1
        ],
        "fsm_full_tb": [
            "fsm_full_tb",
            "Cz6Uj",
            "module",
            2
        ]
    },
    "cycles_program_begin": 5273783451625540,
    "stat": {
        "ru_self_cgstart": {
            "ru_minflt": 24731,
            "ru_maxrss_kb": 63336,
            "ru_utime_sec": 0.035970000000000002,
            "ru_stime_sec": 0.024664999999999999,
            "ru_majflt": 0,
            "ru_nivcsw": 2,
            "ru_nvcsw": 34
        },
        "totalObjSize": 92666,
        "ru_childs_cgstart": {
            "ru_minflt": 6341,
            "ru_maxrss_kb": 16596,
            "ru_utime_sec": 0.007842,
            "ru_stime_sec": 0.010567999999999999,
            "ru_majflt": 0,
            "ru_nivcsw": 6,
            "ru_nvcsw": 17
        },
        "ru_self_end": {
            "ru_minflt": 27329,
            "ru_maxrss_kb": 69428,
            "ru_utime_sec": 0.046356000000000001,
            "ru_stime_sec": 0.02656,
            "ru_majflt": 0,
            "ru_nivcsw": 2,
            "ru_nvcsw": 35
        },
        "nMops": 1322,
        "cpu_cycles_cgstart": 5273783758254151,
        "nQuads": 709,
        "ru_childs_end": {
            "ru_minflt": 6934,
            "ru_maxrss_kb": 17052,
            "ru_utime_sec": 0.0088870000000000008,
            "ru_stime_sec": 0.011613,
            "ru_majflt": 0,
            "ru_nivcsw": 8,
            "ru_nvcsw": 18
        },
        "mopSpeed": 115650.42428483951,
        "cpu_cycles_end": 5273783818619227,
        "peak_mem_kb": 241360,
        "cpu_cycles_total": 366993687,
        "quadSpeed": 62024.319832035711,
        "Frontend(%)": 79.307785601795715,
        "mop/quad": 1.8645980253878702,
        "outputSizePerQuad": 130.69957686882933,
        "CodeGen(%)": 20.692214398204289,
        "realTime": 0.099828958511352539
    },
    "perf": [
        [
            0.051792144775390625,
            0.027651999999999999,
            0.017409999999999998,
            226408,
            227076,
            1680664150.8057971,
            5273783617098725,
            "doParsingAndDesignResolution",
            "entry"
        ],
        [
            0.055562019348144531,
            0.029669000000000001,
            0.019162999999999999,
            227260,
            227908,
            1680664150.809567,
            5273783632914885,
            "doParsingAndDesignResolution",
            "exit"
        ],
        [
            0.05559992790222168,
            0.029669000000000001,
            0.019200999999999999,
            227260,
            227908,
            1680664150.8096049,
            5273783633039807,
            "doPostDesignResolutionToVir2Vcs",
            "entry"
        ],
        [
            0.057657957077026367,
            0.031315000000000003,
            0.019612999999999998,
            228448,
            228452,
            1680664150.8116629,
            5273783641703069,
            "doUptoVir2VcsNoSepCleanup",
            "entry"
        ],
        [
            0.063563108444213867,
            0.034505000000000001,
            0.022327,
            229004,
            241360,
            1680664150.8175681,
            5273783666519109,
            "doUptoVir2VcsNoSepCleanup",
            "exit"
        ],
        [
            0.063614130020141602,
            0.034536999999999998,
            0.022346999999999999,
            229004,
            241360,
            1680664150.8176191,
            5273783666699717,
            "doRadify_vir2vcsAll",
            "entry"
        ],
        [
            0.065971136093139648,
            0.035749000000000003,
            0.023491999999999999,
            230648,
            241360,
            1680664150.8199761,
            5273783676628913,
            "doRadify_vir2vcsAll",
            "exit"
        ],
        [
            0.065999984741210938,
            0.035767,
            0.023504000000000001,
            230648,
            241360,
            1680664150.8200049,
            5273783676721074,
            "doPostDesignResolutionToVir2Vcs",
            "exit"
        ],
        [
            0.066020965576171875,
            0.035778999999999998,
            0.023512000000000002,
            230648,
            241360,
            1680664150.8200259,
            5273783676800124,
            "doGAToPass2",
            "entry"
        ],
        [
            0.08537602424621582,
            0.035938999999999999,
            0.024643999999999999,
            229092,
            241360,
            1680664150.839381,
            5273783758148137,
            "DoPass2",
            "entry"
        ],
        [
            0.098392009735107422,
            0.044948000000000002,
            0.02656,
            233648,
            241360,
            1680664150.852397,
            5273783812788902,
            "DoPass2",
            "exit"
        ]
    ],
    "CompileStrategy": "fullobj",
    "CompileStatus": "Successful",
    "MlibObjs": {},
    "incremental": "on",
    "CompileProcesses": [
        "cgproc.26596.json"
    ],
    "LVLData": [
        "SIM"
    ],
    "cpu_cycles_pass2_start": 5273783758169596,
    "PrevCompiledModules": {
        "...MASTER...": {
            "amcQw_d": {
                "checksum": 0,
                "mod": "...MASTER...",
                "bytes": 7684,
                "mode": 4,
                "out": "objs/amcQw_d.o"
            }
        },
        "std": {
            "reYIK_d": {
                "checksum": 0,
                "mod": "std",
                "bytes": 32908,
                "mode": 4,
                "archive": "archive.38/_prev_archive_1.a",
                "out": "reYIK_d.o"
            }
        },
        "fsm_full_tb": {
            "Cz6Uj_d": {
                "checksum": 0,
                "mod": "fsm_full_tb",
                "bytes": 23730,
                "out": "Cz6Uj_d.o",
                "mode": 4,
                "archive": "archive.38/_26596_archive_1.a"
            }
        }
    },
    "CurCompileUdps": {},
    "Misc": {
        "vcs_version": "N-2017.12-SP2-1_Full64",
        "master_pid": 26596,
        "csrc_abs": "/home/jvelten/projects/verilog_repair/benchmarks/fsm_full/csrc",
        "vcs_build_date": "Build Date = Jul 14 2018 20:29:59",
        "archive_dir": "archive.38",
        "VCS_HOME": "/usr/caen/vcs-2017.12-SP2-1",
        "daidir": "/home/jvelten/projects/verilog_repair/benchmarks/fsm_full/simv.daidir",
        "cwd": "/home/jvelten/projects/verilog_repair/benchmarks/fsm_full",
        "csrc": "csrc",
        "daidir_abs": "/home/jvelten/projects/verilog_repair/benchmarks/fsm_full/simv.daidir",
        "default_output_dir": "csrc"
    },
    "SIMBData": {
        "out": "amcQwB.o",
        "bytes": 67226,
        "text": 0,
        "archive": "archive.38/_26596_archive_1.a"
    },
    "CurCompileModules": [
        "...MASTER...",
        "std",
        "fsm_full_tb",
        "fsm_full_tb"
    ],
    "PEModules": [],
    "rlimit": {
        "data": -1,
        "stack": -1
    }
}