{
    "Modules": {
        "std": {
            "child_modules": {},
            "start_perf": [
                0.08960413932800293,
                0.038039000000000003,
                0.024681999999999999,
                230576,
                241360,
                1680664150.8436091,
                5273783775864637
            ],
            "nQuads": 213,
            "Compiled": "Yes",
            "svclass": [
                "$vcs_nba_dyn_obj",
                0,
                37,
                2,
                2,
                0,
                "sigprop$$",
                0,
                37,
                2,
                2,
                0,
                "process",
                0,
                184,
                8,
                8,
                0,
                "event",
                0,
                36,
                2,
                2,
                0,
                "mailbox",
                0,
                99,
                9,
                9,
                0,
                "semaphore",
                0,
                69,
                5,
                5,
                0
            ],
            "Compiled Times": 39,
            "end_perf": [
                0.091475963592529297,
                0.038960000000000002,
                0.025631999999999999,
                230576,
                241360,
                5273783783743758,
                8589934594,
                0
            ],
            "nMops": 462,
            "nRouts": 33
        },
        "...MASTER...": {
            "child_modules": {
                "std": 1,
                "fsm_full_tb": 1
            },
            "start_perf": [
                0.085469961166381836,
                0.035994999999999999,
                0.024681999999999999,
                229092,
                241360,
                1680664150.8394749,
                5273783758504886
            ],
            "end_perf": [
                0.089535951614379883,
                0.037969999999999997,
                0.024681999999999999,
                230576,
                241360,
                5273783775604096,
                0,
                0
            ],
            "nQuads": 0,
            "nMops": 0,
            "nRouts": 5
        },
        "fsm_full_tb": {
            "child_modules": {},
            "start_perf": [
                0.091515064239501953,
                0.039,
                0.025631999999999999,
                230576,
                241360,
                1680664150.84552,
                5273783783888149
            ],
            "nQuads": 496,
            "Compiled": "Yes",
            "Compiled Times": 39,
            "significant_routs": [
                [
                    1,
                    "R_VCSgd_Cz6Uj_1",
                    1957081,
                    342,
                    53
                ],
                [
                    48,
                    "R_VCSgd_Cz6Uj_30",
                    1537844,
                    1069,
                    118
                ]
            ],
            "nMops": 860,
            "end_perf": [
                0.097454071044921875,
                0.044939,
                0.025631999999999999,
                233724,
                241360,
                5273783808864204,
                12884901889,
                0
            ],
            "nRouts": 56
        }
    },
    "ObjArchives": [
        {
            "archive": "archive.38/_26596_archive_1.a",
            "objects": [
                [
                    "Cz6Uj_d.o",
                    25440
                ],
                [
                    "amcQwB.o",
                    67226
                ]
            ],
            "size": 92666
        }
    ],
    "CompUnits": {
        "Cz6Uj_d": {
            "checksum": 0,
            "bytes": 25440,
            "mod": "fsm_full_tb",
            "out": "Cz6Uj_d.o",
            "text": 7690,
            "mode": 4,
            "archive": "archive.38/_26596_archive_1.a"
        }
    },
    "reusePaths": {
        "amcQw_d": {
            "icPath": "csrc"
        },
        "reYIK_d": {
            "icPath": "csrc"
        }
    },
    "stat": {
        "ru_self_end": {
            "ru_minflt": 27324,
            "ru_maxrss_kb": 69428,
            "ru_utime_sec": 0.046219000000000003,
            "ru_stime_sec": 0.02656,
            "ru_majflt": 0,
            "ru_nivcsw": 2,
            "ru_nvcsw": 35
        },
        "ru_childs_end": {
            "ru_minflt": 6934,
            "ru_maxrss_kb": 17052,
            "ru_utime_sec": 0.0088870000000000008,
            "ru_stime_sec": 0.011613,
            "ru_majflt": 0,
            "ru_nivcsw": 8,
            "ru_nvcsw": 18
        },
        "cpu_cycles_end": 5273783818043551,
        "peak_mem_kb": 241360
    }
}