{
    "Modules": {
        "...MASTER...": {
            "nQuads": 0,
            "start_perf": [
                0.8440089225769043,
                0.038928999999999998,
                0.024138,
                229092,
                241328,
                1679284434.224817,
                11738498246408562
            ],
            "end_perf": [
                0.84872794151306152,
                0.039856999999999997,
                0.025172,
                230576,
                241328,
                11738498266249873,
                0,
                0
            ],
            "child_modules": {
                "std": 1,
                "fsm_full_tb": 1
            },
            "nMops": 0,
            "nRouts": 5
        },
        "std": {
            "nQuads": 213,
            "start_perf": [
                0.84879493713378906,
                0.039898000000000003,
                0.025198999999999999,
                230576,
                241328,
                1679284434.2296031,
                11738498266509150
            ],
            "end_perf": [
                0.85064196586608887,
                0.041744999999999997,
                0.025198999999999999,
                230576,
                241328,
                11738498274285985,
                8589934594,
                0
            ],
            "child_modules": {},
            "Compiled": "Yes",
            "svclass": [
                "$vcs_nba_dyn_obj",
                0,
                37,
                2,
                2,
                0,
                "sigprop$$",
                0,
                37,
                2,
                2,
                0,
                "process",
                0,
                184,
                8,
                8,
                0,
                "event",
                0,
                36,
                2,
                2,
                0,
                "mailbox",
                0,
                99,
                9,
                9,
                0,
                "semaphore",
                0,
                69,
                5,
                5,
                0
            ],
            "nRouts": 33,
            "Compiled Times": 30,
            "nMops": 462
        },
        "fsm_full_tb": {
            "nQuads": 382,
            "start_perf": [
                0.8506779670715332,
                0.041780999999999999,
                0.025198999999999999,
                230576,
                241328,
                1679284434.2314861,
                11738498274415057
            ],
            "end_perf": [
                0.93442893028259277,
                0.044110999999999997,
                0.025205999999999999,
                231028,
                241328,
                11738498626205387,
                12884901889,
                0
            ],
            "child_modules": {},
            "Compiled": "Yes",
            "nRouts": 44,
            "Compiled Times": 30,
            "nMops": 655
        }
    },
    "ObjArchives": [
        {
            "archive": "archive.29/_22151_archive_1.a",
            "objects": [
                [
                    "amcQwB.o",
                    67192
                ]
            ],
            "size": 67192
        }
    ],
    "CompUnits": {},
    "reusePaths": {
        "amcQw_d": {
            "icPath": "csrc"
        },
        "Cz6Uj_d": {
            "icPath": "csrc"
        },
        "reYIK_d": {
            "icPath": "csrc"
        }
    },
    "stat": {
        "ru_self_end": {
            "ru_utime_sec": 0.046668000000000001,
            "ru_nvcsw": 114,
            "ru_stime_sec": 0.025205999999999999,
            "ru_maxrss_kb": 68964,
            "ru_minflt": 27106,
            "ru_majflt": 52,
            "ru_nivcsw": 2
        },
        "cpu_cycles_end": 11738498645113625,
        "ru_childs_end": {
            "ru_utime_sec": 0.012074,
            "ru_nvcsw": 18,
            "ru_stime_sec": 0.0095910000000000006,
            "ru_maxrss_kb": 17052,
            "ru_minflt": 6933,
            "ru_majflt": 0,
            "ru_nivcsw": 8
        },
        "peak_mem_kb": 241328
    }
}