{
    "Modules": {
        "std": {
            "svclass": [
                "$vcs_nba_dyn_obj",
                0,
                37,
                2,
                2,
                0,
                "sigprop$$",
                0,
                37,
                2,
                2,
                0,
                "process",
                0,
                184,
                8,
                8,
                0,
                "event",
                0,
                36,
                2,
                2,
                0,
                "mailbox",
                0,
                99,
                9,
                9,
                0,
                "semaphore",
                0,
                69,
                5,
                5,
                0
            ],
            "nMops": 462,
            "start_perf": [
                0.10071992874145508,
                0.035711,
                0.026783000000000001,
                230572,
                241328,
                1679945587.656261,
                2255787007966528
            ],
            "child_modules": {},
            "Compiled": "Yes",
            "Compiled Times": 32,
            "nQuads": 213,
            "end_perf": [
                0.1025850772857666,
                0.037574999999999997,
                0.026783000000000001,
                230572,
                241328,
                2255787015813737,
                8589934594,
                0
            ],
            "nRouts": 33
        },
        "...MASTER...": {
            "nMops": 0,
            "child_modules": {
                "std": 1,
                "fsm_full_tb": 1
            },
            "start_perf": [
                0.096603870391845703,
                0.034619999999999998,
                0.02588,
                229088,
                241328,
                1679945587.6521449,
                2255786990681462
            ],
            "end_perf": [
                0.10065293312072754,
                0.035672000000000002,
                0.026754,
                230572,
                241328,
                2255787007706214,
                0,
                0
            ],
            "nQuads": 0,
            "nRouts": 5
        },
        "fsm_full_tb": {
            "nMops": 655,
            "child_modules": {},
            "start_perf": [
                0.10261988639831543,
                0.037609999999999998,
                0.026783000000000001,
                230572,
                241328,
                1679945587.6581609,
                2255787015942839
            ],
            "Compiled": "Yes",
            "nQuads": 382,
            "Compiled Times": 32,
            "end_perf": [
                0.10459995269775391,
                0.03959,
                0.026783000000000001,
                231024,
                241328,
                2255787024279163,
                12884901889,
                0
            ],
            "nRouts": 44
        }
    },
    "stat": {
        "ru_self_end": {
            "ru_nivcsw": 2,
            "ru_utime_sec": 0.040807000000000003,
            "ru_stime_sec": 0.027868,
            "ru_maxrss_kb": 68964,
            "ru_minflt": 27160,
            "ru_majflt": 0,
            "ru_nvcsw": 35
        },
        "ru_childs_end": {
            "ru_nivcsw": 8,
            "ru_utime_sec": 0.013579000000000001,
            "ru_stime_sec": 0.0068570000000000002,
            "ru_maxrss_kb": 17048,
            "ru_minflt": 6933,
            "ru_majflt": 0,
            "ru_nvcsw": 18
        },
        "cpu_cycles_end": 2255787033862024,
        "peak_mem_kb": 241328
    },
    "CompUnits": {},
    "ObjArchives": [
        {
            "size": 67192,
            "archive": "archive.31/_25523_archive_1.a",
            "objects": [
                [
                    "amcQwB.o",
                    67192
                ]
            ]
        }
    ],
    "reusePaths": {
        "amcQw_d": {
            "icPath": "csrc"
        },
        "reYIK_d": {
            "icPath": "csrc"
        },
        "Cz6Uj_d": {
            "icPath": "csrc"
        }
    }
}