{
    "Modules": {
        "...MASTER...": {
            "nMops": 0,
            "start_perf": [
                0.083791971206665039,
                0.044179000000000003,
                0.017069000000000001,
                229156,
                241236,
                1680664293.7807269,
                5274384117827213
            ],
            "nRouts": 5,
            "child_modules": {
                "tb_4to1_mux": 1,
                "std": 1
            },
            "end_perf": [
                0.087984085083007812,
                0.044877,
                0.018357999999999999,
                230588,
                241236,
                5274384135456677,
                0,
                0
            ],
            "nQuads": 0
        },
        "std": {
            "nMops": 462,
            "start_perf": [
                0.088051080703735352,
                0.044925,
                0.018377999999999999,
                230588,
                241236,
                1680664293.784986,
                5274384135716423
            ],
            "child_modules": {},
            "Compiled": "Yes",
            "Compiled Times": 16,
            "end_perf": [
                0.089912176132202148,
                0.045817999999999998,
                0.019345000000000001,
                230588,
                241236,
                5274384143547510,
                8589934594,
                0
            ],
            "svclass": [
                "$vcs_nba_dyn_obj",
                0,
                37,
                2,
                2,
                0,
                "sigprop$$",
                0,
                37,
                2,
                2,
                0,
                "process",
                0,
                184,
                8,
                8,
                0,
                "event",
                0,
                36,
                2,
                2,
                0,
                "mailbox",
                0,
                99,
                9,
                9,
                0,
                "semaphore",
                0,
                69,
                5,
                5,
                0
            ],
            "nQuads": 213,
            "nRouts": 33
        },
        "tb_4to1_mux": {
            "nMops": 508,
            "start_perf": [
                0.089946985244750977,
                0.045843000000000002,
                0.019356000000000002,
                230588,
                241236,
                1680664293.7868819,
                5274384143673995
            ],
            "nRouts": 31,
            "child_modules": {},
            "Compiled": "Yes",
            "Compiled Times": 16,
            "end_perf": [
                0.094251155853271484,
                0.050083000000000003,
                0.01942,
                233576,
                241236,
                5274384161784188,
                12884901889,
                0
            ],
            "nQuads": 229
        }
    },
    "CompUnits": {
        "e8fGZ_d": {
            "text": 4786,
            "out": "e8fGZ_d.o",
            "mod": "tb_4to1_mux",
            "archive": "archive.15/_27524_archive_1.a",
            "bytes": 20062,
            "mode": 4,
            "checksum": 0
        }
    },
    "stat": {
        "ru_self_end": {
            "ru_majflt": 0,
            "ru_minflt": 27288,
            "ru_utime_sec": 0.051249999999999997,
            "ru_stime_sec": 0.020500000000000001,
            "ru_nivcsw": 3,
            "ru_maxrss_kb": 69232,
            "ru_nvcsw": 34
        },
        "cpu_cycles_end": 5274384171126669,
        "ru_childs_end": {
            "ru_majflt": 0,
            "ru_minflt": 6934,
            "ru_utime_sec": 0.0088280000000000008,
            "ru_stime_sec": 0.01225,
            "ru_nivcsw": 10,
            "ru_maxrss_kb": 17092,
            "ru_nvcsw": 18
        },
        "peak_mem_kb": 241236
    },
    "reusePaths": {
        "amcQw_d": {
            "icPath": "csrc"
        },
        "reYIK_d": {
            "icPath": "csrc"
        }
    },
    "ObjArchives": [
        {
            "size": 87180,
            "archive": "archive.15/_27524_archive_1.a",
            "objects": [
                [
                    "e8fGZ_d.o",
                    20062
                ],
                [
                    "amcQwB.o",
                    67118
                ]
            ]
        }
    ]
}