{
    "cycles_program_begin": 5269075871199446,
    "cpu_cycles_pass2_start": 5269076182214356,
    "NameTable": {
        "std": [
            "std",
            "reYIK",
            "module",
            2
        ],
        "first_counter_tb": [
            "first_counter_tb",
            "yT6qN",
            "module",
            3
        ],
        "...MASTER...": [
            "SIM",
            "amcQw",
            "module",
            4
        ]
    },
    "perf": [
        [
            0.052529096603393555,
            0.030058999999999999,
            0.015547,
            226408,
            227076,
            1680663029.965296,
            5269076039281956,
            "doParsingAndDesignResolution",
            "entry"
        ],
        [
            0.056005954742431641,
            0.032619000000000002,
            0.016465,
            226744,
            227392,
            1680663029.9687729,
            5269076053864148,
            "doParsingAndDesignResolution",
            "exit"
        ],
        [
            0.056043148040771484,
            0.032655999999999998,
            0.016465,
            226744,
            227392,
            1680663029.9688101,
            5269076053988543,
            "doPostDesignResolutionToVir2Vcs",
            "entry"
        ],
        [
            0.058171987533569336,
            0.034759999999999999,
            0.016490000000000001,
            227928,
            227932,
            1680663029.9709389,
            5269076062951400,
            "doUptoVir2VcsNoSepCleanup",
            "entry"
        ],
        [
            0.064069032669067383,
            0.037758,
            0.019389,
            228952,
            241308,
            1680663029.976836,
            5269076087741881,
            "doUptoVir2VcsNoSepCleanup",
            "exit"
        ],
        [
            0.064120054244995117,
            0.037790999999999998,
            0.019406,
            228952,
            241308,
            1680663029.976887,
            5269076087914484,
            "doRadify_vir2vcsAll",
            "entry"
        ],
        [
            0.066511154174804688,
            0.039040999999999999,
            0.020548,
            230628,
            241308,
            1680663029.9792781,
            5269076097986261,
            "doRadify_vir2vcsAll",
            "exit"
        ],
        [
            0.066540002822875977,
            0.039059999999999997,
            0.020558,
            230628,
            241308,
            1680663029.9793069,
            5269076098077852,
            "doPostDesignResolutionToVir2Vcs",
            "exit"
        ],
        [
            0.066560029983520508,
            0.039073999999999998,
            0.020565,
            230628,
            241308,
            1680663029.979327,
            5269076098157533,
            "doGAToPass2",
            "entry"
        ],
        [
            0.086557149887084961,
            0.040294000000000003,
            0.020663000000000001,
            229072,
            241308,
            1680663029.9993241,
            5269076182190824,
            "DoPass2",
            "entry"
        ],
        [
            0.099320173263549805,
            0.048025999999999999,
            0.023421999999999998,
            233468,
            241308,
            1680663030.0120871,
            5269076235774442,
            "DoPass2",
            "exit"
        ]
    ],
    "CompileStrategy": "fullobj",
    "MlibObjs": {},
    "SIMBData": {
        "out": "amcQwB.o",
        "bytes": 67560,
        "text": 0,
        "archive": "archive.378/_20592_archive_1.a"
    },
    "PrevCompiledModules": {
        "std": {
            "reYIK_d": {
                "bytes": 32908,
                "mod": "std",
                "mode": 4,
                "archive": "archive.378/_prev_archive_1.a",
                "checksum": 0,
                "out": "reYIK_d.o"
            }
        },
        "first_counter_tb": {
            "yT6qN_d": {
                "bytes": 23018,
                "mod": "first_counter_tb",
                "out": "yT6qN_d.o",
                "mode": 4,
                "archive": "archive.378/_20592_archive_1.a",
                "checksum": 0
            }
        },
        "...MASTER...": {
            "amcQw_d": {
                "bytes": 7692,
                "mod": "...MASTER...",
                "mode": 4,
                "checksum": 0,
                "out": "objs/amcQw_d.o"
            }
        }
    },
    "CurCompileModules": [
        "...MASTER...",
        "std",
        "first_counter_tb",
        "first_counter_tb"
    ],
    "PEModules": [],
    "LVLData": [
        "SIM"
    ],
    "stat": {
        "ru_self_end": {
            "ru_maxrss_kb": 69956,
            "ru_utime_sec": 0.049258999999999997,
            "ru_nvcsw": 37,
            "ru_minflt": 27453,
            "ru_stime_sec": 0.023602999999999999,
            "ru_majflt": 0,
            "ru_nivcsw": 2
        },
        "CodeGen(%)": 15.489465013439689,
        "ru_self_cgstart": {
            "ru_maxrss_kb": 63948,
            "ru_utime_sec": 0.040327000000000002,
            "ru_nvcsw": 36,
            "ru_minflt": 24877,
            "ru_stime_sec": 0.02068,
            "ru_majflt": 0,
            "ru_nivcsw": 2
        },
        "nQuads": 540,
        "realTime": 0.10076308250427246,
        "Frontend(%)": 84.510534986560302,
        "cpu_cycles_total": 370426789,
        "ru_childs_cgstart": {
            "ru_maxrss_kb": 16656,
            "ru_utime_sec": 0.0084060000000000003,
            "ru_nvcsw": 17,
            "ru_minflt": 6341,
            "ru_stime_sec": 0.010586999999999999,
            "ru_majflt": 0,
            "ru_nivcsw": 6
        },
        "totalObjSize": 90438,
        "cpu_cycles_cgstart": 5269076182294196,
        "cpu_cycles_end": 5269076241626235,
        "nMops": 1084,
        "ru_childs_end": {
            "ru_maxrss_kb": 17112,
            "ru_utime_sec": 0.0084060000000000003,
            "ru_nvcsw": 18,
            "ru_minflt": 6934,
            "ru_stime_sec": 0.012857,
            "ru_majflt": 0,
            "ru_nivcsw": 8
        },
        "outputSizePerQuad": 167.47777777777779,
        "peak_mem_kb": 241308
    },
    "CompileProcesses": [
        "cgproc.20592.json"
    ],
    "rlimit": {
        "data": -1,
        "stack": -1
    },
    "CurCompileUdps": {},
    "incremental": "on",
    "Misc": {
        "vcs_version": "N-2017.12-SP2-1_Full64",
        "vcs_build_date": "Build Date = Jul 14 2018 20:29:59",
        "csrc_abs": "/home/jvelten/projects/verilog_repair/benchmarks/first_counter_overflow/csrc",
        "master_pid": 20592,
        "csrc": "csrc",
        "VCS_HOME": "/usr/caen/vcs-2017.12-SP2-1",
        "cwd": "/home/jvelten/projects/verilog_repair/benchmarks/first_counter_overflow",
        "daidir": "/home/jvelten/projects/verilog_repair/benchmarks/first_counter_overflow/simv.daidir",
        "daidir_abs": "/home/jvelten/projects/verilog_repair/benchmarks/first_counter_overflow/simv.daidir",
        "default_output_dir": "csrc",
        "archive_dir": "archive.378"
    },
    "CompileStatus": "Successful"
}