{
    "cycles_program_begin": 11685505564266379,
    "NameTable": {
        "std": [
            "std",
            "reYIK",
            "module",
            2
        ],
        "first_counter_tb": [
            "first_counter_tb",
            "yT6qN",
            "module",
            3
        ],
        "...MASTER...": [
            "SIM",
            "amcQw",
            "module",
            4
        ]
    },
    "CompileStrategy": "fullobj",
    "perf": [
        [
            0.056768894195556641,
            0.024198999999999998,
            0.021042999999999999,
            226408,
            227076,
            1682190735.466239,
            11685505750439473,
            "doParsingAndDesignResolution",
            "entry"
        ],
        [
            0.060202836990356445,
            0.026062999999999999,
            0.022612,
            226744,
            227392,
            1682190735.4696729,
            11685505764837908,
            "doParsingAndDesignResolution",
            "exit"
        ],
        [
            0.060240030288696289,
            0.026062999999999999,
            0.02265,
            226744,
            227392,
            1682190735.4697101,
            11685505764962202,
            "doPostDesignResolutionToVir2Vcs",
            "entry"
        ],
        [
            0.062330007553100586,
            0.026301000000000001,
            0.024500999999999998,
            227928,
            227932,
            1682190735.4718001,
            11685505773760699,
            "doUptoVir2VcsNoSepCleanup",
            "entry"
        ],
        [
            0.068277835845947266,
            0.031987000000000002,
            0.024764000000000001,
            228956,
            241312,
            1682190735.4777479,
            11685505798767270,
            "doUptoVir2VcsNoSepCleanup",
            "exit"
        ],
        [
            0.068329811096191406,
            0.032016000000000003,
            0.024785999999999999,
            228956,
            241312,
            1682190735.4777999,
            11685505798940249,
            "doRadify_vir2vcsAll",
            "entry"
        ],
        [
            0.070701837539672852,
            0.034257999999999997,
            0.024915,
            230628,
            241312,
            1682190735.4801719,
            11685505808928937,
            "doRadify_vir2vcsAll",
            "exit"
        ],
        [
            0.070730924606323242,
            0.034276000000000001,
            0.024927999999999999,
            230628,
            241312,
            1682190735.480201,
            11685505809020281,
            "doPostDesignResolutionToVir2Vcs",
            "exit"
        ],
        [
            0.070750951766967773,
            0.034286999999999998,
            0.024936,
            230628,
            241312,
            1682190735.480221,
            11685505809099208,
            "doGAToPass2",
            "entry"
        ],
        [
            0.090253829956054688,
            0.034901000000000001,
            0.025662000000000001,
            229072,
            241312,
            1682190735.4997239,
            11685505891067731,
            "DoPass2",
            "entry"
        ],
        [
            0.10256195068359375,
            0.043698000000000001,
            0.027050999999999999,
            233464,
            241312,
            1682190735.512032,
            11685505942734836,
            "DoPass2",
            "exit"
        ]
    ],
    "LVLData": [
        "SIM"
    ],
    "CompileStatus": "Successful",
    "PEModules": [],
    "PrevCompiledModules": {
        "std": {
            "reYIK_d": {
                "bytes": 32908,
                "mod": "std",
                "mode": 4,
                "out": "reYIK_d.o",
                "checksum": 0,
                "archive": "archive.395/_prev_archive_1.a"
            }
        },
        "first_counter_tb": {
            "yT6qN_d": {
                "bytes": 22878,
                "mod": "first_counter_tb",
                "mode": 4,
                "out": "yT6qN_d.o",
                "checksum": 0,
                "archive": "archive.395/_28092_archive_1.a"
            }
        },
        "...MASTER...": {
            "amcQw_d": {
                "bytes": 7692,
                "mod": "...MASTER...",
                "mode": 4,
                "out": "objs/amcQw_d.o",
                "checksum": 0
            }
        }
    },
    "MlibObjs": {},
    "rlimit": {
        "data": -1,
        "stack": -1
    },
    "cpu_cycles_pass2_start": 11685505891094207,
    "CurCompileModules": [
        "...MASTER...",
        "std",
        "first_counter_tb",
        "first_counter_tb"
    ],
    "Misc": {
        "vcs_version": "N-2017.12-SP2-1_Full64",
        "vcs_build_date": "Build Date = Jul 14 2018 20:29:59",
        "master_pid": 28092,
        "VCS_HOME": "/usr/caen/vcs-2017.12-SP2-1",
        "csrc": "csrc",
        "cwd": "/home/jvelten/projects/verilog_repair/benchmarks/first_counter_overflow",
        "csrc_abs": "/home/jvelten/projects/verilog_repair/benchmarks/first_counter_overflow/csrc",
        "archive_dir": "archive.395",
        "daidir": "/home/jvelten/projects/verilog_repair/benchmarks/first_counter_overflow/simv.daidir",
        "default_output_dir": "csrc",
        "daidir_abs": "/home/jvelten/projects/verilog_repair/benchmarks/first_counter_overflow/simv.daidir"
    },
    "stat": {
        "ru_self_end": {
            "ru_nivcsw": 2,
            "ru_utime_sec": 0.044965999999999999,
            "ru_nvcsw": 37,
            "ru_stime_sec": 0.027189000000000001,
            "ru_maxrss_kb": 70032,
            "ru_minflt": 27468,
            "ru_majflt": 0
        },
        "ru_self_cgstart": {
            "ru_nivcsw": 2,
            "ru_utime_sec": 0.034930000000000003,
            "ru_nvcsw": 36,
            "ru_stime_sec": 0.025683999999999998,
            "ru_maxrss_kb": 64016,
            "ru_minflt": 24892,
            "ru_majflt": 0
        },
        "ru_childs_cgstart": {
            "ru_nivcsw": 6,
            "ru_utime_sec": 0.0084220000000000007,
            "ru_nvcsw": 17,
            "ru_stime_sec": 0.01009,
            "ru_maxrss_kb": 16656,
            "ru_minflt": 6337,
            "ru_majflt": 0
        },
        "cpu_cycles_total": 384287839,
        "CodeGen(%)": 18.798231812392292,
        "cpu_cycles_cgstart": 11685505891171804,
        "nMops": 1064,
        "realTime": 0.10399580001831055,
        "nQuads": 534,
        "totalObjSize": 90020,
        "ru_childs_end": {
            "ru_nivcsw": 8,
            "ru_utime_sec": 0.0084220000000000007,
            "ru_nvcsw": 18,
            "ru_stime_sec": 0.012211,
            "ru_maxrss_kb": 17112,
            "ru_minflt": 6931,
            "ru_majflt": 0
        },
        "cpu_cycles_end": 11685505948554218,
        "mopSpeed": 106018.33399760864,
        "outputSizePerQuad": 168.57677902621722,
        "peak_mem_kb": 241312,
        "quadSpeed": 53208.449581506597,
        "mop/quad": 1.9925093632958801,
        "Frontend(%)": 81.201768187607712
    },
    "CurCompileUdps": {},
    "SIMBData": {
        "out": "amcQwB.o",
        "bytes": 67514,
        "text": 0,
        "archive": "archive.395/_28092_archive_1.a"
    },
    "incremental": "on",
    "CompileProcesses": [
        "cgproc.28092.json"
    ]
}