{
    "cycles_program_begin": 1972621622430256,
    "CompileProcesses": [
        "cgproc.6142.json"
    ],
    "PEModules": [],
    "cpu_cycles_pass2_start": 1972621943383927,
    "CompileStrategy": "fullobj",
    "perf": [
        [
            0.055457115173339844,
            0.029492000000000001,
            0.018959,
            226408,
            227076,
            1679878168.068886,
            1972621802246027,
            "doParsingAndDesignResolution",
            "entry"
        ],
        [
            0.058884143829345703,
            0.032807999999999997,
            0.019068999999999999,
            226744,
            227392,
            1679878168.0723131,
            1972621816613963,
            "doParsingAndDesignResolution",
            "exit"
        ],
        [
            0.058921098709106445,
            0.032843999999999998,
            0.01907,
            226744,
            227392,
            1679878168.07235,
            1972621816740542,
            "doPostDesignResolutionToVir2Vcs",
            "entry"
        ],
        [
            0.061064958572387695,
            0.033918999999999998,
            0.020139000000000001,
            227928,
            227932,
            1679878168.0744939,
            1972621825775056,
            "doUptoVir2VcsNoSepCleanup",
            "entry"
        ],
        [
            0.067028045654296875,
            0.037907999999999997,
            0.022113000000000001,
            228956,
            241312,
            1679878168.080457,
            1972621850832882,
            "doUptoVir2VcsNoSepCleanup",
            "exit"
        ],
        [
            0.06708216667175293,
            0.037962999999999997,
            0.022113000000000001,
            228956,
            241312,
            1679878168.0805111,
            1972621851020387,
            "doRadify_vir2vcsAll",
            "entry"
        ],
        [
            0.069483041763305664,
            0.040363999999999997,
            0.022113000000000001,
            230628,
            241312,
            1679878168.082912,
            1972621861133146,
            "doRadify_vir2vcsAll",
            "exit"
        ],
        [
            0.069513082504272461,
            0.040392999999999998,
            0.022113000000000001,
            230628,
            241312,
            1679878168.082942,
            1972621861225591,
            "doPostDesignResolutionToVir2Vcs",
            "exit"
        ],
        [
            0.069533109664916992,
            0.040413999999999999,
            0.022113000000000001,
            230628,
            241312,
            1679878168.082962,
            1972621861304835,
            "doGAToPass2",
            "entry"
        ],
        [
            0.089054107666015625,
            0.040806000000000002,
            0.023018,
            229072,
            241312,
            1679878168.102483,
            1972621943361014,
            "DoPass2",
            "entry"
        ],
        [
            0.10141110420227051,
            0.043263999999999997,
            0.030807999999999999,
            233468,
            241312,
            1679878168.11484,
            1972621995219253,
            "DoPass2",
            "exit"
        ]
    ],
    "MlibObjs": {},
    "PrevCompiledModules": {
        "first_counter_tb": {
            "yT6qN_d": {
                "bytes": 22878,
                "mode": 4,
                "out": "yT6qN_d.o",
                "mod": "first_counter_tb",
                "checksum": 0,
                "archive": "archive.320/_6142_archive_1.a"
            }
        },
        "std": {
            "reYIK_d": {
                "bytes": 32908,
                "out": "reYIK_d.o",
                "mode": 4,
                "mod": "std",
                "checksum": 0,
                "archive": "archive.320/_prev_archive_1.a"
            }
        },
        "...MASTER...": {
            "amcQw_d": {
                "bytes": 7692,
                "out": "objs/amcQw_d.o",
                "mode": 4,
                "mod": "...MASTER...",
                "checksum": 0
            }
        }
    },
    "LVLData": [
        "SIM"
    ],
    "NameTable": {
        "first_counter_tb": [
            "first_counter_tb",
            "yT6qN",
            "module",
            3
        ],
        "std": [
            "std",
            "reYIK",
            "module",
            2
        ],
        "...MASTER...": [
            "SIM",
            "amcQw",
            "module",
            4
        ]
    },
    "rlimit": {
        "data": -1,
        "stack": -1
    },
    "stat": {
        "ru_self_cgstart": {
            "ru_utime_sec": 0.040806000000000002,
            "ru_stime_sec": 0.023071999999999999,
            "ru_majflt": 0,
            "ru_maxrss_kb": 65632,
            "ru_minflt": 24713,
            "ru_nivcsw": 2,
            "ru_nvcsw": 34
        },
        "cpu_cycles_cgstart": 1972621943457819,
        "ru_childs_end": {
            "ru_utime_sec": 0.0086499999999999997,
            "ru_stime_sec": 0.011998999999999999,
            "ru_majflt": 0,
            "ru_maxrss_kb": 18688,
            "ru_minflt": 6934,
            "ru_nivcsw": 8,
            "ru_nvcsw": 18
        },
        "realTime": 0.10284209251403809,
        "ru_childs_cgstart": {
            "ru_utime_sec": 0.0086499999999999997,
            "ru_stime_sec": 0.0098899999999999995,
            "ru_majflt": 0,
            "ru_maxrss_kb": 18256,
            "ru_minflt": 6341,
            "ru_nivcsw": 6,
            "ru_nvcsw": 17
        },
        "ru_self_end": {
            "ru_utime_sec": 0.044458999999999999,
            "ru_stime_sec": 0.031018,
            "ru_majflt": 0,
            "ru_maxrss_kb": 71584,
            "ru_minflt": 27239,
            "ru_nivcsw": 2,
            "ru_nvcsw": 35
        },
        "nMops": 1090,
        "nQuads": 540,
        "totalObjSize": 90474,
        "Frontend(%)": 93.121693121693127,
        "cpu_cycles_end": 1972622001032204,
        "CodeGen(%)": 6.8783068783068719,
        "cpu_cycles_total": 378601948,
        "outputSizePerQuad": 167.54444444444445,
        "peak_mem_kb": 241312
    },
    "CurCompileUdps": {},
    "SIMBData": {
        "out": "amcQwB.o",
        "text": 0,
        "bytes": 67560,
        "archive": "archive.320/_6142_archive_1.a"
    },
    "incremental": "on",
    "CurCompileModules": [
        "...MASTER...",
        "std",
        "first_counter_tb",
        "first_counter_tb"
    ],
    "Misc": {
        "default_output_dir": "csrc",
        "vcs_version": "N-2017.12-SP2-1_Full64",
        "csrc_abs": "/home/jvelten/projects/verilog_repair/benchmarks/first_counter_overflow/csrc",
        "VCS_HOME": "/usr/caen/vcs-2017.12-SP2-1",
        "vcs_build_date": "Build Date = Jul 14 2018 20:29:59",
        "master_pid": 6142,
        "cwd": "/home/jvelten/projects/verilog_repair/benchmarks/first_counter_overflow",
        "csrc": "csrc",
        "daidir": "/home/jvelten/projects/verilog_repair/benchmarks/first_counter_overflow/simv.daidir",
        "daidir_abs": "/home/jvelten/projects/verilog_repair/benchmarks/first_counter_overflow/simv.daidir",
        "archive_dir": "archive.320"
    },
    "CompileStatus": "Successful"
}