{
    "stat": {
        "cpu_cycles_total": 346931338,
        "cpu_cycles_end": 2974423621124177,
        "ru_self_cgstart": {
            "ru_utime_sec": 0.039531999999999998,
            "ru_stime_sec": 0.021340000000000001,
            "ru_nivcsw": 2,
            "ru_majflt": 0,
            "ru_maxrss_kb": 65628,
            "ru_nvcsw": 33,
            "ru_minflt": 24714
        },
        "ru_childs_cgstart": {
            "ru_utime_sec": 0.0069160000000000003,
            "ru_stime_sec": 0.011873999999999999,
            "ru_nivcsw": 6,
            "ru_majflt": 0,
            "ru_maxrss_kb": 18256,
            "ru_nvcsw": 17,
            "ru_minflt": 6341
        },
        "peak_mem_kb": 241312,
        "Frontend(%)": 85.500230096640593,
        "cpu_cycles_cgstart": 2974423563134204,
        "realTime": 0.095035076141357422,
        "nMops": 1084,
        "nQuads": 538,
        "totalObjSize": 90442,
        "ru_childs_end": {
            "ru_utime_sec": 0.0080059999999999992,
            "ru_stime_sec": 0.012963000000000001,
            "ru_nivcsw": 8,
            "ru_majflt": 0,
            "ru_maxrss_kb": 18688,
            "ru_nvcsw": 18,
            "ru_minflt": 6934
        },
        "ru_self_end": {
            "ru_utime_sec": 0.046318999999999999,
            "ru_stime_sec": 0.026179999999999998,
            "ru_nivcsw": 2,
            "ru_majflt": 0,
            "ru_maxrss_kb": 71600,
            "ru_nvcsw": 34,
            "ru_minflt": 27244
        },
        "outputSizePerQuad": 168.10780669144981,
        "CodeGen(%)": 14.499769903359415
    },
    "CompileStrategy": "fullobj",
    "cycles_program_begin": 2974423274192839,
    "CompileStatus": "Successful",
    "MlibObjs": {},
    "perf": [
        [
            0.047363996505737305,
            0.027668000000000002,
            0.017786,
            226408,
            227076,
            1680116689.7787189,
            2974423421154504,
            "doParsingAndDesignResolution",
            "entry"
        ],
        [
            0.050816059112548828,
            0.029104999999999999,
            0.019800999999999999,
            226744,
            227392,
            1680116689.782171,
            2974423435615878,
            "doParsingAndDesignResolution",
            "exit"
        ],
        [
            0.05085301399230957,
            0.029104999999999999,
            0.019838999999999999,
            226744,
            227392,
            1680116689.782208,
            2974423435740142,
            "doPostDesignResolutionToVir2Vcs",
            "entry"
        ],
        [
            0.052958965301513672,
            0.029961000000000002,
            0.021089,
            227928,
            227932,
            1680116689.7843139,
            2974423444603186,
            "doUptoVir2VcsNoSepCleanup",
            "entry"
        ],
        [
            0.058954954147338867,
            0.035957000000000003,
            0.021089,
            228956,
            241312,
            1680116689.7903099,
            2974423469807048,
            "doUptoVir2VcsNoSepCleanup",
            "exit"
        ],
        [
            0.059005022048950195,
            0.036006999999999997,
            0.021089,
            228956,
            241312,
            1680116689.79036,
            2974423469979182,
            "doRadify_vir2vcsAll",
            "entry"
        ],
        [
            0.061368942260742188,
            0.038371000000000002,
            0.021089,
            230628,
            241312,
            1680116689.7927239,
            2974423479935115,
            "doRadify_vir2vcsAll",
            "exit"
        ],
        [
            0.061398983001708984,
            0.038400999999999998,
            0.021089,
            230628,
            241312,
            1680116689.7927539,
            2974423480028438,
            "doPostDesignResolutionToVir2Vcs",
            "exit"
        ],
        [
            0.061419010162353516,
            0.038420999999999997,
            0.021089,
            230628,
            241312,
            1680116689.792774,
            2974423480108166,
            "doGAToPass2",
            "entry"
        ],
        [
            0.081146001815795898,
            0.039531999999999998,
            0.021285999999999999,
            229072,
            241312,
            1680116689.812501,
            2974423563030858,
            "DoPass2",
            "entry"
        ],
        [
            0.093599081039428711,
            0.045039000000000003,
            0.026051999999999999,
            233464,
            241312,
            1680116689.824954,
            2974423615294616,
            "DoPass2",
            "exit"
        ]
    ],
    "CompileProcesses": [
        "cgproc.25313.json"
    ],
    "CurCompileModules": [
        "...MASTER...",
        "std",
        "first_counter_tb",
        "first_counter_tb"
    ],
    "PEModules": [],
    "PrevCompiledModules": {
        "std": {
            "reYIK_d": {
                "mod": "std",
                "bytes": 32908,
                "out": "reYIK_d.o",
                "mode": 4,
                "archive": "archive.346/_prev_archive_1.a",
                "checksum": 0
            }
        },
        "first_counter_tb": {
            "yT6qN_d": {
                "mod": "first_counter_tb",
                "bytes": 22878,
                "out": "yT6qN_d.o",
                "mode": 4,
                "archive": "archive.346/_25313_archive_1.a",
                "checksum": 0
            }
        },
        "...MASTER...": {
            "amcQw_d": {
                "mod": "...MASTER...",
                "bytes": 7692,
                "out": "objs/amcQw_d.o",
                "mode": 4,
                "checksum": 0
            }
        }
    },
    "NameTable": {
        "std": [
            "std",
            "reYIK",
            "module",
            2
        ],
        "first_counter_tb": [
            "first_counter_tb",
            "yT6qN",
            "module",
            3
        ],
        "...MASTER...": [
            "SIM",
            "amcQw",
            "module",
            4
        ]
    },
    "incremental": "on",
    "cpu_cycles_pass2_start": 2974423563056414,
    "CurCompileUdps": {},
    "rlimit": {
        "data": -1,
        "stack": -1
    },
    "SIMBData": {
        "out": "amcQwB.o",
        "bytes": 67560,
        "text": 0,
        "archive": "archive.346/_25313_archive_1.a"
    },
    "LVLData": [
        "SIM"
    ],
    "Misc": {
        "VCS_HOME": "/usr/caen/vcs-2017.12-SP2-1",
        "vcs_version": "N-2017.12-SP2-1_Full64",
        "vcs_build_date": "Build Date = Jul 14 2018 20:29:59",
        "master_pid": 25313,
        "cwd": "/home/jvelten/projects/verilog_repair/benchmarks/first_counter_overflow",
        "daidir": "/home/jvelten/projects/verilog_repair/benchmarks/first_counter_overflow/simv.daidir",
        "csrc": "csrc",
        "csrc_abs": "/home/jvelten/projects/verilog_repair/benchmarks/first_counter_overflow/csrc",
        "default_output_dir": "csrc",
        "daidir_abs": "/home/jvelten/projects/verilog_repair/benchmarks/first_counter_overflow/simv.daidir",
        "archive_dir": "archive.346"
    }
}