{
    "cycles_program_begin": 5451499169207545,
    "perf": [
        [
            0.050956010818481445,
            0.027192000000000001,
            0.018127999999999998,
            226408,
            227076,
            1680706463.6364861,
            5451499331847498,
            "doParsingAndDesignResolution",
            "entry"
        ],
        [
            0.054444074630737305,
            0.029766999999999998,
            0.019042,
            226744,
            227392,
            1680706463.6399741,
            5451499346463928,
            "doParsingAndDesignResolution",
            "exit"
        ],
        [
            0.054481983184814453,
            0.029805000000000002,
            0.019042,
            226744,
            227392,
            1680706463.640012,
            5451499346588792,
            "doPostDesignResolutionToVir2Vcs",
            "entry"
        ],
        [
            0.056612968444824219,
            0.03108,
            0.019897999999999999,
            227928,
            227932,
            1680706463.642143,
            5451499355557745,
            "doUptoVir2VcsNoSepCleanup",
            "entry"
        ],
        [
            0.062517881393432617,
            0.034928000000000001,
            0.021954999999999999,
            228952,
            241308,
            1680706463.6480479,
            5451499380379944,
            "doUptoVir2VcsNoSepCleanup",
            "exit"
        ],
        [
            0.062567949295043945,
            0.034958999999999997,
            0.021974,
            228952,
            241308,
            1680706463.648098,
            5451499380553321,
            "doRadify_vir2vcsAll",
            "entry"
        ],
        [
            0.064897060394287109,
            0.036159999999999998,
            0.023102000000000001,
            230624,
            241308,
            1680706463.6504271,
            5451499390360781,
            "doRadify_vir2vcsAll",
            "exit"
        ],
        [
            0.064925909042358398,
            0.036178000000000002,
            0.023113000000000002,
            230624,
            241308,
            1680706463.650456,
            5451499390452880,
            "doPostDesignResolutionToVir2Vcs",
            "exit"
        ],
        [
            0.06494593620300293,
            0.03619,
            0.023120999999999999,
            230624,
            241308,
            1680706463.650476,
            5451499390532092,
            "doGAToPass2",
            "entry"
        ],
        [
            0.084398031234741211,
            0.036724,
            0.023820999999999998,
            229068,
            241308,
            1680706463.6699281,
            5451499472281544,
            "DoPass2",
            "entry"
        ],
        [
            0.093322038650512695,
            0.038616999999999999,
            0.028698999999999999,
            231564,
            241308,
            1680706463.6788521,
            5451499509737478,
            "DoPass2",
            "exit"
        ]
    ],
    "incremental": "on",
    "CurCompileModules": [
        "...MASTER...",
        "std",
        "first_counter_tb"
    ],
    "MlibObjs": {},
    "PrevCompiledModules": {
        "std": {
            "reYIK_d": {
                "mode": 4,
                "bytes": 32908,
                "mod": "std",
                "checksum": 0,
                "out": "reYIK_d.o",
                "archive": "archive.383/_prev_archive_1.a"
            }
        },
        "first_counter_tb": {
            "yT6qN_d": {
                "mode": 4,
                "bytes": 22878,
                "mod": "first_counter_tb",
                "checksum": 0,
                "out": "yT6qN_d.o",
                "archive": "archive.383/_prev_archive_1.a"
            }
        },
        "...MASTER...": {
            "amcQw_d": {
                "mode": 4,
                "bytes": 7692,
                "mod": "...MASTER...",
                "checksum": 0,
                "out": "objs/amcQw_d.o"
            }
        }
    },
    "CompileStatus": "Successful",
    "cpu_cycles_pass2_start": 5451499472302769,
    "CompileStrategy": "fullobj",
    "NameTable": {
        "std": [
            "std",
            "reYIK",
            "module",
            2
        ],
        "first_counter_tb": [
            "first_counter_tb",
            "yT6qN",
            "module",
            3
        ],
        "...MASTER...": [
            "SIM",
            "amcQw",
            "module",
            4
        ]
    },
    "stat": {
        "ru_self_cgstart": {
            "ru_utime_sec": 0.036754000000000002,
            "ru_stime_sec": 0.02384,
            "ru_maxrss_kb": 63948,
            "ru_nivcsw": 2,
            "ru_minflt": 24875,
            "ru_majflt": 0,
            "ru_nvcsw": 34
        },
        "ru_childs_cgstart": {
            "ru_utime_sec": 0.0085690000000000002,
            "ru_stime_sec": 0.0099919999999999991,
            "ru_maxrss_kb": 16652,
            "ru_nivcsw": 6,
            "ru_minflt": 6341,
            "ru_majflt": 0,
            "ru_nvcsw": 17
        },
        "nMops": 1084,
        "outputSizePerQuad": 124.96296296296296,
        "totalObjSize": 67480,
        "peak_mem_kb": 241308,
        "cpu_cycles_cgstart": 5451499472381270,
        "nQuads": 540,
        "cpu_cycles_total": 346679624,
        "ru_self_end": {
            "ru_utime_sec": 0.039884000000000003,
            "ru_stime_sec": 0.028916000000000001,
            "ru_maxrss_kb": 69380,
            "ru_nivcsw": 2,
            "ru_minflt": 27281,
            "ru_majflt": 0,
            "ru_nvcsw": 35
        },
        "ru_childs_end": {
            "ru_utime_sec": 0.0096450000000000008,
            "ru_stime_sec": 0.011067,
            "ru_maxrss_kb": 17108,
            "ru_nivcsw": 8,
            "ru_minflt": 6934,
            "ru_majflt": 0,
            "ru_nvcsw": 18
        },
        "cpu_cycles_end": 5451499515887169,
        "Frontend(%)": 91.50800541097135,
        "realTime": 0.094832897186279297,
        "CodeGen(%)": 8.4919945890286517
    },
    "PEModules": [],
    "CurCompileUdps": {},
    "SIMBData": {
        "archive": "archive.383/_23893_archive_1.a",
        "out": "amcQwB.o",
        "text": 0,
        "bytes": 67480
    },
    "LVLData": [
        "SIM"
    ],
    "CompileProcesses": [
        "cgproc.23893.json"
    ],
    "Misc": {
        "vcs_version": "N-2017.12-SP2-1_Full64",
        "vcs_build_date": "Build Date = Jul 14 2018 20:29:59",
        "master_pid": 23893,
        "VCS_HOME": "/usr/caen/vcs-2017.12-SP2-1",
        "daidir_abs": "/home/jvelten/projects/verilog_repair/benchmarks/first_counter_overflow/simv.daidir",
        "csrc": "csrc",
        "csrc_abs": "/home/jvelten/projects/verilog_repair/benchmarks/first_counter_overflow/csrc",
        "cwd": "/home/jvelten/projects/verilog_repair/benchmarks/first_counter_overflow",
        "daidir": "/home/jvelten/projects/verilog_repair/benchmarks/first_counter_overflow/simv.daidir",
        "default_output_dir": "csrc",
        "archive_dir": "archive.383"
    },
    "rlimit": {
        "data": -1,
        "stack": -1
    }
}