{
    "rlimit": {
        "data": -1,
        "stack": -1
    },
    "cycles_program_begin": 2256094669940607,
    "CompileStatus": "Successful",
    "cpu_cycles_pass2_start": 2256094967478164,
    "perf": [
        [
            0.049657106399536133,
            0.024747999999999999,
            0.019949999999999999,
            226408,
            227076,
            1679945660.945745,
            2256094827066614,
            "doParsingAndDesignResolution",
            "entry"
        ],
        [
            0.053084135055541992,
            0.027241999999999999,
            0.020882999999999999,
            226744,
            227392,
            1679945660.949172,
            2256094841438069,
            "doParsingAndDesignResolution",
            "exit"
        ],
        [
            0.053121089935302734,
            0.027241999999999999,
            0.020920000000000001,
            226744,
            227392,
            1679945660.949209,
            2256094841564123,
            "doPostDesignResolutionToVir2Vcs",
            "entry"
        ],
        [
            0.055276155471801758,
            0.029132999999999999,
            0.021184000000000001,
            227928,
            227932,
            1679945660.951364,
            2256094850635713,
            "doUptoVir2VcsNoSepCleanup",
            "entry"
        ],
        [
            0.061155080795288086,
            0.034118999999999997,
            0.022076999999999999,
            228952,
            241308,
            1679945660.957243,
            2256094875351353,
            "doUptoVir2VcsNoSepCleanup",
            "exit"
        ],
        [
            0.06120610237121582,
            0.03415,
            0.022096999999999999,
            228952,
            241308,
            1679945660.957294,
            2256094875522276,
            "doRadify_vir2vcsAll",
            "entry"
        ],
        [
            0.063596010208129883,
            0.036540000000000003,
            0.022096999999999999,
            230628,
            241308,
            1679945660.9596839,
            2256094885593713,
            "doRadify_vir2vcsAll",
            "exit"
        ],
        [
            0.06362605094909668,
            0.036570999999999999,
            0.022096999999999999,
            230628,
            241308,
            1679945660.9597139,
            2256094885688243,
            "doPostDesignResolutionToVir2Vcs",
            "exit"
        ],
        [
            0.063647031784057617,
            0.036592,
            0.022096999999999999,
            230628,
            241308,
            1679945660.9597349,
            2256094885768017,
            "doGAToPass2",
            "entry"
        ],
        [
            0.0830841064453125,
            0.036950999999999998,
            0.022969,
            229072,
            241308,
            1679945660.979172,
            2256094967454577,
            "DoPass2",
            "entry"
        ],
        [
            0.095334053039550781,
            0.045090999999999999,
            0.024972000000000001,
            233468,
            241308,
            1679945660.9914219,
            2256095018882624,
            "DoPass2",
            "exit"
        ]
    ],
    "MlibObjs": {},
    "PrevCompiledModules": {
        "std": {
            "reYIK_d": {
                "out": "reYIK_d.o",
                "bytes": 32908,
                "mode": 4,
                "mod": "std",
                "checksum": 0,
                "archive": "archive.340/_prev_archive_1.a"
            }
        },
        "first_counter_tb": {
            "yT6qN_d": {
                "out": "yT6qN_d.o",
                "bytes": 23018,
                "mode": 4,
                "mod": "first_counter_tb",
                "checksum": 0,
                "archive": "archive.340/_26661_archive_1.a"
            }
        },
        "...MASTER...": {
            "amcQw_d": {
                "out": "objs/amcQw_d.o",
                "bytes": 7692,
                "mode": 4,
                "mod": "...MASTER...",
                "checksum": 0
            }
        }
    },
    "stat": {
        "ru_childs_end": {
            "ru_nivcsw": 8,
            "ru_minflt": 6934,
            "ru_utime_sec": 0.010218,
            "ru_stime_sec": 0.010461,
            "ru_majflt": 0,
            "ru_maxrss_kb": 17112,
            "ru_nvcsw": 18
        },
        "cpu_cycles_total": 354755030,
        "ru_self_cgstart": {
            "ru_nivcsw": 3,
            "ru_minflt": 24875,
            "ru_utime_sec": 0.036981,
            "ru_stime_sec": 0.022988000000000001,
            "ru_majflt": 0,
            "ru_maxrss_kb": 63944,
            "ru_nvcsw": 32
        },
        "realTime": 0.096766233444213867,
        "ru_childs_cgstart": {
            "ru_nivcsw": 6,
            "ru_minflt": 6341,
            "ru_utime_sec": 0.010218,
            "ru_stime_sec": 0.0083540000000000003,
            "ru_majflt": 0,
            "ru_maxrss_kb": 16656,
            "ru_nvcsw": 17
        },
        "cpu_cycles_cgstart": 2256094967555966,
        "peak_mem_kb": 241308,
        "nMops": 1084,
        "nQuads": 540,
        "totalObjSize": 90438,
        "ru_self_end": {
            "ru_nivcsw": 3,
            "ru_minflt": 27451,
            "ru_utime_sec": 0.045659999999999999,
            "ru_stime_sec": 0.025807,
            "ru_majflt": 0,
            "ru_maxrss_kb": 69952,
            "ru_nvcsw": 33
        },
        "cpu_cycles_end": 2256095024695637,
        "outputSizePerQuad": 167.47777777777779,
        "Frontend(%)": 84.467948029635991,
        "CodeGen(%)": 15.532051970364007
    },
    "PEModules": [],
    "NameTable": {
        "std": [
            "std",
            "reYIK",
            "module",
            2
        ],
        "first_counter_tb": [
            "first_counter_tb",
            "yT6qN",
            "module",
            3
        ],
        "...MASTER...": [
            "SIM",
            "amcQw",
            "module",
            4
        ]
    },
    "CompileStrategy": "fullobj",
    "CurCompileUdps": {},
    "SIMBData": {
        "bytes": 67560,
        "out": "amcQwB.o",
        "text": 0,
        "archive": "archive.340/_26661_archive_1.a"
    },
    "incremental": "on",
    "CurCompileModules": [
        "...MASTER...",
        "std",
        "first_counter_tb",
        "first_counter_tb"
    ],
    "CompileProcesses": [
        "cgproc.26661.json"
    ],
    "LVLData": [
        "SIM"
    ],
    "Misc": {
        "vcs_build_date": "Build Date = Jul 14 2018 20:29:59",
        "vcs_version": "N-2017.12-SP2-1_Full64",
        "master_pid": 26661,
        "csrc": "csrc",
        "csrc_abs": "/home/jvelten/projects/verilog_repair/benchmarks/first_counter_overflow/csrc",
        "VCS_HOME": "/usr/caen/vcs-2017.12-SP2-1",
        "daidir": "/home/jvelten/projects/verilog_repair/benchmarks/first_counter_overflow/simv.daidir",
        "cwd": "/home/jvelten/projects/verilog_repair/benchmarks/first_counter_overflow",
        "daidir_abs": "/home/jvelten/projects/verilog_repair/benchmarks/first_counter_overflow/simv.daidir",
        "archive_dir": "archive.340",
        "default_output_dir": "csrc"
    }
}