{
    "Modules": {
        "...MASTER...": {
            "start_perf": [
                0.080778121948242188,
                0.039870000000000003,
                0.020983999999999999,
                229076,
                241312,
                1682190809.8283491,
                11685818074475304
            ],
            "child_modules": {
                "std": 1,
                "first_counter_tb": 1
            },
            "end_perf": [
                0.08478999137878418,
                0.040837999999999999,
                0.021989999999999999,
                230544,
                241312,
                11685818091351626,
                0,
                0
            ],
            "nQuads": 0,
            "nRouts": 5,
            "nMops": 0
        },
        "std": {
            "start_perf": [
                0.084856986999511719,
                0.040882000000000002,
                0.022013000000000001,
                230544,
                241312,
                1682190809.832428,
                11685818091606377
            ],
            "child_modules": {},
            "Compiled": "Yes",
            "Compiled Times": 397,
            "nMops": 462,
            "end_perf": [
                0.086745977401733398,
                0.042771000000000003,
                0.022013000000000001,
                230700,
                241312,
                11685818099557004,
                8589934594,
                0
            ],
            "nQuads": 213,
            "svclass": [
                "$vcs_nba_dyn_obj",
                0,
                37,
                2,
                2,
                0,
                "sigprop$$",
                0,
                37,
                2,
                2,
                0,
                "process",
                0,
                184,
                8,
                8,
                0,
                "event",
                0,
                36,
                2,
                2,
                0,
                "mailbox",
                0,
                99,
                9,
                9,
                0,
                "semaphore",
                0,
                69,
                5,
                5,
                0
            ],
            "nRouts": 33
        },
        "first_counter_tb": {
            "start_perf": [
                0.086781978607177734,
                0.042806999999999998,
                0.022013000000000001,
                230700,
                241312,
                1682190809.834353,
                11685818099687745
            ],
            "child_modules": {},
            "Compiled": "Yes",
            "significant_routs": [
                [
                    8,
                    "R_VCSgd_yT6qN_8",
                    2323412,
                    471,
                    59
                ]
            ],
            "Compiled Times": 397,
            "nMops": 612,
            "end_perf": [
                0.09212493896484375,
                0.048149999999999998,
                0.022013000000000001,
                233572,
                241312,
                11685818122160822,
                12884901889,
                0
            ],
            "nQuads": 338,
            "nRouts": 56
        }
    },
    "ObjArchives": [
        {
            "size": 90578,
            "archive": "archive.396/_29047_archive_1.a",
            "objects": [
                [
                    "yT6qN_d.o",
                    23018
                ],
                [
                    "amcQwB.o",
                    67560
                ]
            ]
        }
    ],
    "CompUnits": {
        "yT6qN_d": {
            "bytes": 23018,
            "mod": "first_counter_tb",
            "mode": 4,
            "out": "yT6qN_d.o",
            "text": 5334,
            "checksum": 0,
            "archive": "archive.396/_29047_archive_1.a"
        }
    },
    "reusePaths": {
        "amcQw_d": {
            "icPath": "csrc"
        },
        "reYIK_d": {
            "icPath": "csrc"
        }
    },
    "stat": {
        "ru_self_end": {
            "ru_nivcsw": 4,
            "ru_utime_sec": 0.049637000000000001,
            "ru_stime_sec": 0.022749999999999999,
            "ru_maxrss_kb": 70124,
            "ru_minflt": 27485,
            "ru_majflt": 0,
            "ru_nvcsw": 34
        },
        "ru_childs_end": {
            "ru_nivcsw": 8,
            "ru_utime_sec": 0.0081089999999999999,
            "ru_stime_sec": 0.012406,
            "ru_maxrss_kb": 17108,
            "ru_minflt": 6931,
            "ru_majflt": 0,
            "ru_nvcsw": 18
        },
        "cpu_cycles_end": 11685818131406245,
        "peak_mem_kb": 241312
    }
}