{
    "Modules": {
        "...MASTER...": {
            "end_perf": [
                0.084591865539550781,
                0.038460000000000001,
                0.023278,
                230540,
                241312,
                2027437261173993,
                0,
                0
            ],
            "child_modules": {
                "std": 1,
                "first_counter_tb": 1
            },
            "start_perf": [
                0.080687999725341797,
                0.037552000000000002,
                0.022328000000000001,
                229072,
                241312,
                1679891219.2298031,
                2027437244754487
            ],
            "nMops": 0,
            "nQuads": 0,
            "nRouts": 5
        },
        "std": {
            "start_perf": [
                0.084656953811645508,
                0.0385,
                0.023303000000000001,
                230540,
                241312,
                1679891219.233772,
                2027437261422841
            ],
            "Compiled Times": 325,
            "end_perf": [
                0.086534023284912109,
                0.040377000000000003,
                0.023303000000000001,
                230540,
                241312,
                2027437269324817,
                8589934594,
                0
            ],
            "child_modules": {},
            "Compiled": "Yes",
            "svclass": [
                "$vcs_nba_dyn_obj",
                0,
                37,
                2,
                2,
                0,
                "sigprop$$",
                0,
                37,
                2,
                2,
                0,
                "process",
                0,
                184,
                8,
                8,
                0,
                "event",
                0,
                36,
                2,
                2,
                0,
                "mailbox",
                0,
                99,
                9,
                9,
                0,
                "semaphore",
                0,
                69,
                5,
                5,
                0
            ],
            "nMops": 462,
            "nQuads": 213,
            "nRouts": 33
        },
        "first_counter_tb": {
            "end_perf": [
                0.091852903366088867,
                0.043631999999999997,
                0.025367000000000001,
                233540,
                241312,
                2027437291676957,
                12884901889,
                0
            ],
            "Compiled Times": 325,
            "child_modules": {},
            "start_perf": [
                0.086570024490356445,
                0.040412999999999998,
                0.023303000000000001,
                230540,
                241312,
                1679891219.2356851,
                2027437269455409
            ],
            "nRouts": 54,
            "Compiled": "Yes",
            "nMops": 628,
            "nQuads": 327
        }
    },
    "stat": {
        "ru_self_end": {
            "ru_nivcsw": 2,
            "ru_utime_sec": 0.045769999999999998,
            "ru_stime_sec": 0.025427000000000002,
            "ru_maxrss_kb": 70044,
            "ru_minflt": 27468,
            "ru_majflt": 0,
            "ru_nvcsw": 36
        },
        "peak_mem_kb": 241312,
        "ru_childs_end": {
            "ru_nivcsw": 8,
            "ru_utime_sec": 0.0082430000000000003,
            "ru_stime_sec": 0.011856999999999999,
            "ru_maxrss_kb": 17112,
            "ru_minflt": 6934,
            "ru_majflt": 0,
            "ru_nvcsw": 18
        },
        "cpu_cycles_end": 2027437300813245
    },
    "CompUnits": {
        "yT6qN_d": {
            "out": "yT6qN_d.o",
            "mod": "first_counter_tb",
            "checksum": 0,
            "bytes": 22914,
            "text": 5278,
            "mode": 4,
            "archive": "archive.324/_2696_archive_1.a"
        }
    },
    "reusePaths": {
        "amcQw_d": {
            "icPath": "csrc"
        },
        "reYIK_d": {
            "icPath": "csrc"
        }
    },
    "ObjArchives": [
        {
            "archive": "archive.324/_2696_archive_1.a",
            "objects": [
                [
                    "yT6qN_d.o",
                    22914
                ],
                [
                    "amcQwB.o",
                    67560
                ]
            ],
            "size": 90474
        }
    ]
}