{
    "reusePaths": {
        "amcQw_d": {
            "icPath": "csrc"
        },
        "reYIK_d": {
            "icPath": "csrc"
        }
    },
    "Modules": {
        "...MASTER...": {
            "nQuads": 0,
            "start_perf": [
                0.082895040512084961,
                0.037529,
                0.022096999999999999,
                229072,
                241312,
                1680487094.030776,
                4530137454223914
            ],
            "nRouts": 5,
            "end_perf": [
                0.086847066879272461,
                0.039054999999999999,
                0.022456,
                230544,
                241312,
                4530137470849179,
                0,
                0
            ],
            "child_modules": {
                "std": 1,
                "first_counter_tb": 1
            },
            "nMops": 0
        },
        "std": {
            "start_perf": [
                0.0869140625,
                0.039097,
                0.022481000000000001,
                230544,
                241312,
                1680487094.034795,
                4530137471102396
            ],
            "nQuads": 213,
            "nRouts": 33,
            "child_modules": {},
            "svclass": [
                "$vcs_nba_dyn_obj",
                0,
                37,
                2,
                2,
                0,
                "sigprop$$",
                0,
                37,
                2,
                2,
                0,
                "process",
                0,
                184,
                8,
                8,
                0,
                "event",
                0,
                36,
                2,
                2,
                0,
                "mailbox",
                0,
                99,
                9,
                9,
                0,
                "semaphore",
                0,
                69,
                5,
                5,
                0
            ],
            "Compiled": "Yes",
            "end_perf": [
                0.088750123977661133,
                0.040932999999999997,
                0.022481000000000001,
                230544,
                241312,
                4530137478831390,
                8589934594,
                0
            ],
            "Compiled Times": 356,
            "nMops": 462
        },
        "first_counter_tb": {
            "nQuads": 327,
            "start_perf": [
                0.088786125183105469,
                0.040969999999999999,
                0.022481000000000001,
                230544,
                241312,
                1680487094.0366671,
                4530137478965104
            ],
            "nRouts": 54,
            "end_perf": [
                0.094118118286132812,
                0.045199999999999997,
                0.023581999999999999,
                233544,
                241312,
                4530137501388476,
                12884901889,
                0
            ],
            "Compiled": "Yes",
            "child_modules": {},
            "Compiled Times": 356,
            "nMops": 628
        }
    },
    "CompUnits": {
        "yT6qN_d": {
            "checksum": 0,
            "text": 5278,
            "mod": "first_counter_tb",
            "out": "yT6qN_d.o",
            "archive": "archive.355/_1671_archive_1.a",
            "bytes": 22914,
            "mode": 4
        }
    },
    "ObjArchives": [
        {
            "size": 90474,
            "archive": "archive.355/_1671_archive_1.a",
            "objects": [
                [
                    "yT6qN_d.o",
                    22914
                ],
                [
                    "amcQwB.o",
                    67560
                ]
            ]
        }
    ],
    "stat": {
        "ru_self_end": {
            "ru_minflt": 25516,
            "ru_utime_sec": 0.047322000000000003,
            "ru_nivcsw": 2,
            "ru_majflt": 0,
            "ru_stime_sec": 0.023661000000000001,
            "ru_maxrss_kb": 76644,
            "ru_nvcsw": 36
        },
        "ru_childs_end": {
            "ru_minflt": 6932,
            "ru_utime_sec": 0.011462,
            "ru_nivcsw": 8,
            "ru_majflt": 0,
            "ru_stime_sec": 0.0092940000000000002,
            "ru_maxrss_kb": 23860,
            "ru_nvcsw": 18
        },
        "cpu_cycles_end": 4530137510537995,
        "peak_mem_kb": 241312
    }
}