{
    "reusePaths": {
        "amcQw_d": {
            "icPath": "csrc"
        },
        "reYIK_d": {
            "icPath": "csrc"
        }
    },
    "Modules": {
        "...MASTER...": {
            "start_perf": [
                0.081241130828857422,
                0.039531999999999998,
                0.021381000000000001,
                229072,
                241312,
                1680116689.8125961,
                2974423563375483
            ],
            "end_perf": [
                0.085391044616699219,
                0.039531999999999998,
                0.023351,
                230540,
                241312,
                2974423580828573,
                0,
                0
            ],
            "child_modules": {
                "std": 1,
                "first_counter_tb": 1
            },
            "nRouts": 5,
            "nQuads": 0,
            "nMops": 0
        },
        "std": {
            "start_perf": [
                0.085456132888793945,
                0.039531999999999998,
                0.023415999999999999,
                230540,
                241312,
                1680116689.8168111,
                2974423581078314
            ],
            "child_modules": {},
            "end_perf": [
                0.087316989898681641,
                0.039883000000000002,
                0.024926,
                230540,
                241312,
                2974423588913814,
                8589934594,
                0
            ],
            "Compiled": "Yes",
            "Compiled Times": 347,
            "svclass": [
                "$vcs_nba_dyn_obj",
                0,
                37,
                2,
                2,
                0,
                "sigprop$$",
                0,
                37,
                2,
                2,
                0,
                "process",
                0,
                184,
                8,
                8,
                0,
                "event",
                0,
                36,
                2,
                2,
                0,
                "mailbox",
                0,
                99,
                9,
                9,
                0,
                "semaphore",
                0,
                69,
                5,
                5,
                0
            ],
            "nQuads": 213,
            "nMops": 462,
            "nRouts": 33
        },
        "first_counter_tb": {
            "start_perf": [
                0.087353944778442383,
                0.039905000000000003,
                0.02494,
                230540,
                241312,
                1680116689.8187089,
                2974423589045189
            ],
            "end_perf": [
                0.092648029327392578,
                0.044088000000000002,
                0.026051999999999999,
                233540,
                241312,
                2974423611314245,
                12884901889,
                0
            ],
            "Compiled": "Yes",
            "child_modules": {},
            "Compiled Times": 347,
            "nRouts": 54,
            "nQuads": 325,
            "nMops": 622
        }
    },
    "CompUnits": {
        "yT6qN_d": {
            "bytes": 22882,
            "mod": "first_counter_tb",
            "mode": 4,
            "out": "yT6qN_d.o",
            "text": 5246,
            "archive": "archive.346/_25313_archive_1.a",
            "checksum": 0
        }
    },
    "ObjArchives": [
        {
            "archive": "archive.346/_25313_archive_1.a",
            "objects": [
                [
                    "yT6qN_d.o",
                    22882
                ],
                [
                    "amcQwB.o",
                    67560
                ]
            ],
            "size": 90442
        }
    ],
    "stat": {
        "ru_self_end": {
            "ru_utime_sec": 0.046233000000000003,
            "ru_stime_sec": 0.026131000000000001,
            "ru_nivcsw": 2,
            "ru_majflt": 0,
            "ru_maxrss_kb": 71600,
            "ru_nvcsw": 34,
            "ru_minflt": 27239
        },
        "ru_childs_end": {
            "ru_utime_sec": 0.0080059999999999992,
            "ru_stime_sec": 0.012963000000000001,
            "ru_nivcsw": 8,
            "ru_majflt": 0,
            "ru_maxrss_kb": 18688,
            "ru_nvcsw": 18,
            "ru_minflt": 6934
        },
        "cpu_cycles_end": 2974423620559686,
        "peak_mem_kb": 241312
    }
}