{
    "reusePaths": {
        "reYIK_d": {
            "icPath": "csrc"
        },
        "amcQw_d": {
            "icPath": "csrc"
        },
        "yT6qN_d": {
            "icPath": "csrc"
        }
    },
    "Modules": {
        "...MASTER...": {
            "child_modules": {
                "std": 1,
                "first_counter_tb": 1
            },
            "start_perf": [
                0.084490060806274414,
                0.03678,
                0.023857,
                229068,
                241308,
                1680706463.6700201,
                5451499472631570
            ],
            "end_perf": [
                0.088510036468505859,
                0.03678,
                0.025724,
                230540,
                241308,
                5451499489538133,
                0,
                0
            ],
            "nQuads": 0,
            "nRouts": 5,
            "nMops": 0
        },
        "std": {
            "child_modules": {},
            "start_perf": [
                0.088577032089233398,
                0.03678,
                0.025791999999999999,
                230540,
                241308,
                1680706463.6741071,
                5451499489793476
            ],
            "nRouts": 33,
            "nMops": 462,
            "Compiled": "Yes",
            "Compiled Times": 384,
            "end_perf": [
                0.090452909469604492,
                0.037677000000000002,
                0.026769999999999999,
                230540,
                241308,
                5451499497690273,
                8589934594,
                0
            ],
            "svclass": [
                "$vcs_nba_dyn_obj",
                0,
                37,
                2,
                2,
                0,
                "sigprop$$",
                0,
                37,
                2,
                2,
                0,
                "process",
                0,
                184,
                8,
                8,
                0,
                "event",
                0,
                36,
                2,
                2,
                0,
                "mailbox",
                0,
                99,
                9,
                9,
                0,
                "semaphore",
                0,
                69,
                5,
                5,
                0
            ],
            "nQuads": 213
        },
        "first_counter_tb": {
            "child_modules": {},
            "start_perf": [
                0.090488910675048828,
                0.037698000000000002,
                0.026785,
                230540,
                241308,
                1680706463.676019,
                5451499497819099
            ],
            "nRouts": 54,
            "nMops": 622,
            "Compiled": "Yes",
            "Compiled Times": 384,
            "end_perf": [
                0.092347860336303711,
                0.038616999999999999,
                0.027725,
                230800,
                241308,
                5451499505652904,
                12884901889,
                0
            ],
            "nQuads": 327
        }
    },
    "CompUnits": {},
    "stat": {
        "ru_childs_end": {
            "ru_utime_sec": 0.0096450000000000008,
            "ru_stime_sec": 0.011067,
            "ru_maxrss_kb": 17108,
            "ru_nivcsw": 8,
            "ru_minflt": 6934,
            "ru_majflt": 0,
            "ru_nvcsw": 18
        },
        "ru_self_end": {
            "ru_utime_sec": 0.039808000000000003,
            "ru_stime_sec": 0.028861000000000001,
            "ru_maxrss_kb": 69380,
            "ru_nivcsw": 2,
            "ru_minflt": 27275,
            "ru_majflt": 0,
            "ru_nvcsw": 35
        },
        "cpu_cycles_end": 5451499515336527,
        "peak_mem_kb": 241308
    },
    "ObjArchives": [
        {
            "archive": "archive.383/_23893_archive_1.a",
            "size": 67480,
            "objects": [
                [
                    "amcQwB.o",
                    67480
                ]
            ]
        }
    ]
}