{
    "stat": {
        "ru_self_end": {
            "ru_utime_sec": 0.046963999999999999,
            "ru_stime_sec": 0.026544999999999999,
            "ru_maxrss_kb": 70116,
            "ru_nivcsw": 2,
            "ru_majflt": 0,
            "ru_minflt": 27485,
            "ru_nvcsw": 35
        },
        "peak_mem_kb": 241312,
        "ru_childs_end": {
            "ru_utime_sec": 0.0063579999999999999,
            "ru_stime_sec": 0.01426,
            "ru_maxrss_kb": 17108,
            "ru_nivcsw": 8,
            "ru_majflt": 0,
            "ru_minflt": 6934,
            "ru_nvcsw": 18
        },
        "cpu_cycles_end": 5273495138150335
    },
    "Modules": {
        "...MASTER...": {
            "start_perf": [
                0.083735942840576172,
                0.039281000000000003,
                0.022741999999999998,
                229072,
                241312,
                1680664082.107491,
                5273495081262486
            ],
            "child_modules": {
                "std": 1,
                "first_counter_tb": 1
            },
            "nQuads": 0,
            "end_perf": [
                0.087805032730102539,
                0.039627000000000002,
                0.024385,
                230544,
                241312,
                5273495098357745,
                0,
                0
            ],
            "nMops": 0,
            "nRouts": 5
        },
        "std": {
            "start_perf": [
                0.087872982025146484,
                0.039669000000000003,
                0.024410999999999999,
                230544,
                241312,
                1680664082.1116281,
                5273495098618956
            ],
            "svclass": [
                "$vcs_nba_dyn_obj",
                0,
                37,
                2,
                2,
                0,
                "sigprop$$",
                0,
                37,
                2,
                2,
                0,
                "process",
                0,
                184,
                8,
                8,
                0,
                "event",
                0,
                36,
                2,
                2,
                0,
                "mailbox",
                0,
                99,
                9,
                9,
                0,
                "semaphore",
                0,
                69,
                5,
                5,
                0
            ],
            "child_modules": {},
            "Compiled": "Yes",
            "nRouts": 33,
            "Compiled Times": 380,
            "nQuads": 213,
            "end_perf": [
                0.089720964431762695,
                0.041204999999999999,
                0.024722999999999998,
                230700,
                241312,
                5273495106398920,
                8589934594,
                0
            ],
            "nMops": 462
        },
        "first_counter_tb": {
            "start_perf": [
                0.089761018753051758,
                0.041245999999999998,
                0.024722999999999998,
                230700,
                241312,
                1680664082.1135161,
                5273495106550185
            ],
            "child_modules": {},
            "Compiled": "Yes",
            "nRouts": 56,
            "Compiled Times": 380,
            "significant_routs": [
                [
                    8,
                    "R_VCSgd_yT6qN_8",
                    2296795,
                    471,
                    59
                ]
            ],
            "nQuads": 338,
            "end_perf": [
                0.095082998275756836,
                0.044810999999999997,
                0.026478999999999999,
                233572,
                241312,
                5273495128930989,
                12884901889,
                0
            ],
            "nMops": 612
        }
    },
    "CompUnits": {
        "yT6qN_d": {
            "mod": "first_counter_tb",
            "mode": 4,
            "out": "yT6qN_d.o",
            "bytes": 23018,
            "text": 5334,
            "checksum": 0,
            "archive": "archive.379/_25985_archive_1.a"
        }
    },
    "reusePaths": {
        "amcQw_d": {
            "icPath": "csrc"
        },
        "reYIK_d": {
            "icPath": "csrc"
        }
    },
    "ObjArchives": [
        {
            "archive": "archive.379/_25985_archive_1.a",
            "objects": [
                [
                    "yT6qN_d.o",
                    23018
                ],
                [
                    "amcQwB.o",
                    67560
                ]
            ],
            "size": 90578
        }
    ]
}