{
    "Modules": {
        "...MASTER...": {
            "nMops": 0,
            "start_perf": [
                0.083174228668212891,
                0.037006999999999998,
                0.023004,
                229072,
                241308,
                1679945660.9792621,
                2256094967795014
            ],
            "child_modules": {
                "std": 1,
                "first_counter_tb": 1
            },
            "nQuads": 0,
            "end_perf": [
                0.087169170379638672,
                0.037938,
                0.023959999999999999,
                230544,
                241308,
                2256094984599420,
                0,
                0
            ],
            "nRouts": 5
        },
        "std": {
            "Compiled Times": 341,
            "nMops": 462,
            "start_perf": [
                0.087234020233154297,
                0.037976999999999997,
                0.023984999999999999,
                230544,
                241308,
                1679945660.9833219,
                2256094984844971
            ],
            "child_modules": {},
            "Compiled": "Yes",
            "nQuads": 213,
            "end_perf": [
                0.089104175567626953,
                0.039847,
                0.023984999999999999,
                230544,
                241308,
                2256094992717660,
                8589934594,
                0
            ],
            "svclass": [
                "$vcs_nba_dyn_obj",
                0,
                37,
                2,
                2,
                0,
                "sigprop$$",
                0,
                37,
                2,
                2,
                0,
                "process",
                0,
                184,
                8,
                8,
                0,
                "event",
                0,
                36,
                2,
                2,
                0,
                "mailbox",
                0,
                99,
                9,
                9,
                0,
                "semaphore",
                0,
                69,
                5,
                5,
                0
            ],
            "nRouts": 33
        },
        "first_counter_tb": {
            "nMops": 622,
            "Compiled Times": 341,
            "start_perf": [
                0.089140176773071289,
                0.039883000000000002,
                0.023984999999999999,
                230544,
                241308,
                1679945660.9852281,
                2256094992847882
            ],
            "child_modules": {},
            "Compiled": "Yes",
            "nQuads": 327,
            "end_perf": [
                0.094410181045532227,
                0.045090999999999999,
                0.024048,
                233544,
                241308,
                2256095015030805,
                12884901889,
                0
            ],
            "nRouts": 54
        }
    },
    "CompUnits": {
        "yT6qN_d": {
            "mode": 4,
            "mod": "first_counter_tb",
            "bytes": 22878,
            "out": "yT6qN_d.o",
            "text": 5242,
            "checksum": 0,
            "archive": "archive.340/_26661_archive_1.a"
        }
    },
    "ObjArchives": [
        {
            "archive": "archive.340/_26661_archive_1.a",
            "size": 90438,
            "objects": [
                [
                    "yT6qN_d.o",
                    22878
                ],
                [
                    "amcQwB.o",
                    67560
                ]
            ]
        }
    ],
    "reusePaths": {
        "amcQw_d": {
            "icPath": "csrc"
        },
        "reYIK_d": {
            "icPath": "csrc"
        }
    },
    "stat": {
        "ru_self_end": {
            "ru_nivcsw": 3,
            "ru_minflt": 27446,
            "ru_utime_sec": 0.045574000000000003,
            "ru_stime_sec": 0.025759000000000001,
            "ru_majflt": 0,
            "ru_maxrss_kb": 69952,
            "ru_nvcsw": 33
        },
        "ru_childs_end": {
            "ru_nivcsw": 8,
            "ru_minflt": 6934,
            "ru_utime_sec": 0.010218,
            "ru_stime_sec": 0.010461,
            "ru_majflt": 0,
            "ru_maxrss_kb": 17112,
            "ru_nvcsw": 18
        },
        "cpu_cycles_end": 2256095024131151,
        "peak_mem_kb": 241308
    }
}