{
    "stat": {
        "ru_self_end": {
            "ru_nivcsw": 2,
            "ru_utime_sec": 0.045924,
            "ru_stime_sec": 0.026093000000000002,
            "ru_majflt": 0,
            "ru_minflt": 27220,
            "ru_maxrss_kb": 71540,
            "ru_nvcsw": 35
        },
        "cpu_cycles_end": 1972662215043554,
        "ru_childs_end": {
            "ru_nivcsw": 8,
            "ru_utime_sec": 0.0090670000000000004,
            "ru_stime_sec": 0.011535,
            "ru_majflt": 0,
            "ru_minflt": 6934,
            "ru_maxrss_kb": 18688,
            "ru_nvcsw": 18
        },
        "peak_mem_kb": 241308
    },
    "Modules": {
        "...MASTER...": {
            "start_perf": [
                0.086538076400756836,
                0.040384000000000003,
                0.020192000000000002,
                229072,
                241308,
                1679878177.6773331,
                1972662158095326
            ],
            "nRouts": 5,
            "child_modules": {
                "std": 1,
                "first_counter_tb": 1
            },
            "nMops": 0,
            "end_perf": [
                0.090631008148193359,
                0.040384000000000003,
                0.02215,
                230540,
                241308,
                1972662175307748,
                0,
                0
            ],
            "nQuads": 0
        },
        "std": {
            "start_perf": [
                0.090698003768920898,
                0.040384000000000003,
                0.022218000000000002,
                230540,
                241308,
                1679878177.681493,
                1972662175584307
            ],
            "Compiled Times": 322,
            "child_modules": {},
            "Compiled": "Yes",
            "end_perf": [
                0.092546939849853516,
                0.040384000000000003,
                0.024066000000000001,
                230540,
                241308,
                1972662183345273,
                8589934594,
                0
            ],
            "nMops": 462,
            "svclass": [
                "$vcs_nba_dyn_obj",
                0,
                37,
                2,
                2,
                0,
                "sigprop$$",
                0,
                37,
                2,
                2,
                0,
                "process",
                0,
                184,
                8,
                8,
                0,
                "event",
                0,
                36,
                2,
                2,
                0,
                "mailbox",
                0,
                99,
                9,
                9,
                0,
                "semaphore",
                0,
                69,
                5,
                5,
                0
            ],
            "nQuads": 213,
            "nRouts": 33
        },
        "first_counter_tb": {
            "Compiled Times": 322,
            "start_perf": [
                0.092581987380981445,
                0.040384000000000003,
                0.024101999999999998,
                230540,
                241308,
                1679878177.683377,
                1972662183477300
            ],
            "nRouts": 54,
            "child_modules": {},
            "Compiled": "Yes",
            "nMops": 622,
            "end_perf": [
                0.09790802001953125,
                0.044804999999999998,
                0.025007000000000001,
                233540,
                241308,
                1972662205877100,
                12884901889,
                0
            ],
            "nQuads": 327
        }
    },
    "CompUnits": {
        "yT6qN_d": {
            "mod": "first_counter_tb",
            "checksum": 0,
            "out": "yT6qN_d.o",
            "mode": 4,
            "bytes": 22878,
            "archive": "archive.321/_7307_archive_1.a",
            "text": 5242
        }
    },
    "reusePaths": {
        "reYIK_d": {
            "icPath": "csrc"
        },
        "amcQw_d": {
            "icPath": "csrc"
        }
    },
    "ObjArchives": [
        {
            "archive": "archive.321/_7307_archive_1.a",
            "objects": [
                [
                    "yT6qN_d.o",
                    22878
                ],
                [
                    "amcQwB.o",
                    67560
                ]
            ],
            "size": 90438
        }
    ]
}