{
    "CompUnits": {
        "cVZpg_d": {
            "checksum": 0,
            "mod": "Test_decoder_3to8",
            "out": "cVZpg_d.o",
            "bytes": 33166,
            "archive": "archive.4/_16723_archive_1.a",
            "text": 12418,
            "mode": 4
        }
    },
    "Modules": {
        "Test_decoder_3to8": {
            "Compiled": "Yes",
            "start_perf": [
                0.093173027038574219,
                0.042292000000000003,
                0.022676000000000002,
                230556,
                241320,
                1680662080.4446361,
                5265088012125900
            ],
            "child_modules": {},
            "end_perf": [
                0.10251903533935547,
                0.050533000000000002,
                0.023779999999999999,
                233672,
                241320,
                5265088051419573,
                12884901889,
                0
            ],
            "significant_routs": [
                [
                    5,
                    "R_VCSgd_cVZpg_5",
                    2293397,
                    788,
                    118
                ],
                [
                    6,
                    "R_VCSgd_cVZpg_6",
                    2076612,
                    781,
                    112
                ],
                [
                    56,
                    "R_VCSgd_cVZpg_38",
                    1693714,
                    1118,
                    146
                ]
            ],
            "Compiled Times": 5,
            "nQuads": 601,
            "nMops": 1563,
            "nRouts": 62
        },
        "std": {
            "Compiled": "Yes",
            "start_perf": [
                0.091305971145629883,
                0.040424000000000002,
                0.022676000000000002,
                230556,
                241320,
                1680662080.4427691,
                5265088004284841
            ],
            "child_modules": {},
            "end_perf": [
                0.093137025833129883,
                0.042255000000000001,
                0.022676000000000002,
                230556,
                241320,
                5265088011996836,
                8589934594,
                0
            ],
            "Compiled Times": 5,
            "svclass": [
                "$vcs_nba_dyn_obj",
                0,
                37,
                2,
                2,
                0,
                "sigprop$$",
                0,
                37,
                2,
                2,
                0,
                "process",
                0,
                184,
                8,
                8,
                0,
                "event",
                0,
                36,
                2,
                2,
                0,
                "mailbox",
                0,
                99,
                9,
                9,
                0,
                "semaphore",
                0,
                69,
                5,
                5,
                0
            ],
            "nQuads": 213,
            "nMops": 462,
            "nRouts": 33
        },
        "...MASTER...": {
            "start_perf": [
                0.08717799186706543,
                0.039397000000000001,
                0.021668,
                229088,
                241320,
                1680662080.4386411,
                5265087986950756
            ],
            "end_perf": [
                0.09123992919921875,
                0.040381,
                0.022653,
                230556,
                241320,
                5265088004030768,
                0,
                0
            ],
            "child_modules": {
                "Test_decoder_3to8": 1,
                "std": 1
            },
            "nRouts": 5,
            "nQuads": 0,
            "nMops": 0
        }
    },
    "stat": {
        "peak_mem_kb": 241320,
        "ru_self_end": {
            "ru_utime_sec": 0.051677000000000001,
            "ru_majflt": 0,
            "ru_minflt": 27300,
            "ru_stime_sec": 0.024844999999999999,
            "ru_nivcsw": 2,
            "ru_nvcsw": 35,
            "ru_maxrss_kb": 69364
        },
        "ru_childs_end": {
            "ru_utime_sec": 0.011819,
            "ru_majflt": 0,
            "ru_minflt": 6934,
            "ru_stime_sec": 0.0092079999999999992,
            "ru_nivcsw": 8,
            "ru_nvcsw": 18,
            "ru_maxrss_kb": 17004
        },
        "cpu_cycles_end": 5265088060588056
    },
    "reusePaths": {
        "amcQw_d": {
            "icPath": "csrc"
        },
        "reYIK_d": {
            "icPath": "csrc"
        }
    },
    "ObjArchives": [
        {
            "objects": [
                [
                    "cVZpg_d.o",
                    33166
                ],
                [
                    "amcQwB.o",
                    67498
                ]
            ],
            "archive": "archive.4/_16723_archive_1.a",
            "size": 100664
        }
    ]
}